"Algorithm","Hash","Path"
"SHA256","67BC3EE294F58D26C38257718A47701EA2EDED75D3FC423358166F35E91542D9","E:\????\??-???\all_questions_20260813.json"
"SHA256","645143A77C33A77A1491E5FBFCB128ABB7539F9115E55AA399D3896AC7BB6E25","E:\????\??-???\categories.json"
"SHA256","003C3B6B681B383D51D6F7708EDF8D08F519B9F83FC72ABCE0D5FC3F5659AC93","E:\????\??-???\images\003c3b6b681b383d51d6f7708edf8d08f519b9f83fc72abce0d5fc3f5659ac93.png"
"SHA256","005C53775888F150ECB70A3C0EC2E3C38BC8BAAC7818B583FC4AE907FA015390","E:\????\??-???\images\005c53775888f150ecb70a3c0ec2e3c38bc8baac7818b583fc4ae907fa015390.png"
"SHA256","006273CA87D189C7AD7A3B5A28AD29025BCD4D2089930202A2438674B8B6C66F","E:\????\??-???\images\006273ca87d189c7ad7a3b5a28ad29025bcd4d2089930202a2438674b8b6c66f.png"
"SHA256","00665DBFEC146598BB8B03132375AC895B90F716F78F257C3371BAE1085ECA09","E:\????\??-???\images\00665dbfec146598bb8b03132375ac895b90f716f78f257c3371bae1085eca09.png"
"SHA256","008FEAD8FBA42CC9E871F4B209B325817C1118ED401722A7E32670F2D2ECE707","E:\????\??-???\images\008fead8fba42cc9e871f4b209b325817c1118ed401722a7e32670f2d2ece707.png"
"SHA256","0092F6AFE72170A0008D86E0E2E022410B5E8C10ED8FA689CC0F24270EF26452","E:\????\??-???\images\0092f6afe72170a0008d86e0e2e022410b5e8c10ed8fa689cc0f24270ef26452.png"
"SHA256","00B1D37BC4B228B3045ACD1F2431F19ACA7353F248792CE8BA737703B89C1D6D","E:\????\??-???\images\00b1d37bc4b228b3045acd1f2431f19aca7353f248792ce8ba737703b89c1d6d.png"
"SHA256","015B09AD3255F46ECB64C70B0866DBB1DE0B4732B22B9B1E69AD136E67AD5159","E:\????\??-???\images\015b09ad3255f46ecb64c70b0866dbb1de0b4732b22b9b1e69ad136e67ad5159.png"
"SHA256","01CA55F0FF26C37D973A0BB2C9A50CAFDCF7B7C4D537374F986534247D980A3E","E:\????\??-???\images\01ca55f0ff26c37d973a0bb2c9a50cafdcf7b7c4d537374f986534247d980a3e.png"
"SHA256","028FBF08A03964AE1161500A0B43B174E7E7EE3D774E77D40543A2907989D433","E:\????\??-???\images\028fbf08a03964ae1161500a0b43b174e7e7ee3d774e77d40543a2907989d433.png"
"SHA256","02C1783B97FF67F2CF96515EA71903E0FF666631795BFF42ACACBFE25DB5C0EC","E:\????\??-???\images\02c1783b97ff67f2cf96515ea71903e0ff666631795bff42acacbfe25db5c0ec.png"
"SHA256","032E6CC7EE8DA4844ECD41AC29BA3EF304F84264C92F92850D15BEADA93DA2EF","E:\????\??-???\images\032e6cc7ee8da4844ecd41ac29ba3ef304f84264c92f92850d15beada93da2ef.png"
"SHA256","037B13116A77C36E405E52884D2CA42E4E2834844B7DFD60035A50F902E330EA","E:\????\??-???\images\037b13116a77c36e405e52884d2ca42e4e2834844b7dfd60035a50f902e330ea.png"
"SHA256","0390B93CF91AA5B52A7C4E14C95E0B6D1360036EB99D978E9617E4BF6B3535BB","E:\????\??-???\images\0390b93cf91aa5b52a7c4e14c95e0b6d1360036eb99d978e9617e4bf6b3535bb.png"
"SHA256","03FF09AA44BF77CABA2C21C8B9E6EF11C332A059582A907EBA97567C02E8D47A","E:\????\??-???\images\03ff09aa44bf77caba2c21c8b9e6ef11c332a059582a907eba97567c02e8d47a.png"
"SHA256","04679BF161A8477E66C413FB2F3A4E751932AC2074EB6FF9B67EE634FF80B9B7","E:\????\??-???\images\04679bf161a8477e66c413fb2f3a4e751932ac2074eb6ff9b67ee634ff80b9b7.png"
"SHA256","04A92B9A57C32BC219CE970F1D87C777C90ECB4AF7FF650BDDA069567D8B899B","E:\????\??-???\images\04a92b9a57c32bc219ce970f1d87c777c90ecb4af7ff650bdda069567d8b899b.png"
"SHA256","055E1E778674D89C1917DD82CBEBDF04657AD5B32719A81F8292AEA3CD576546","E:\????\??-???\images\055e1e778674d89c1917dd82cbebdf04657ad5b32719a81f8292aea3cd576546.png"
"SHA256","056E8052A1E33ACF50DA62A4EEA5B935C5EE242A3BFAB2E8D5D156D96AE15630","E:\????\??-???\images\056e8052a1e33acf50da62a4eea5b935c5ee242a3bfab2e8d5d156d96ae15630.png"
"SHA256","05CB77E49CBCCFFFDFD60C692AA1550B52BEA9795476840F4D804B14F609908C","E:\????\??-???\images\05cb77e49cbccfffdfd60c692aa1550b52bea9795476840f4d804b14f609908c.png"
"SHA256","0651D9D97319A49A07946AFDC2F2690C06EB0B441E58D949ED8DD2E7EE672445","E:\????\??-???\images\0651d9d97319a49a07946afdc2f2690c06eb0b441e58d949ed8dd2e7ee672445.png"
"SHA256","067D54E19E82A5120CFD234F9CE92E12EEC40F68EC1405566238B498C2F02719","E:\????\??-???\images\067d54e19e82a5120cfd234f9ce92e12eec40f68ec1405566238b498c2f02719.png"
"SHA256","069696A9C848F80B9618F560042ADC9581BB91C18850F1DA8787A646DC2EFDAE","E:\????\??-???\images\069696a9c848f80b9618f560042adc9581bb91c18850f1da8787a646dc2efdae.png"
"SHA256","069F6ADF68D98A5A5C58BE1928B8977B87389DB70DBA52933F25DD5A55951FC1","E:\????\??-???\images\069f6adf68d98a5a5c58be1928b8977b87389db70dba52933f25dd5a55951fc1.png"
"SHA256","06E75B69DD0E1E7C63D56EC4B070EB82F7B3D7DB2A473616AC8672F32C5878DA","E:\????\??-???\images\06e75b69dd0e1e7c63d56ec4b070eb82f7b3d7db2a473616ac8672f32c5878da.png"
"SHA256","06F624463640B72AE2C62E39C817C9ADDF3992FE6B4D0727E0E7A6A4C16655B0","E:\????\??-???\images\06f624463640b72ae2c62e39c817c9addf3992fe6b4d0727e0e7a6a4c16655b0.png"
"SHA256","070475116F4BCB1CFC247AC7536526FFCC8215DCF70CB79C22F09F8231D2345A","E:\????\??-???\images\070475116f4bcb1cfc247ac7536526ffcc8215dcf70cb79c22f09f8231d2345a.png"
"SHA256","0720B78EA277CAD5B08185A878D14EFCFC52E9EC66F6A2DEFAB8C8FCB1955595","E:\????\??-???\images\0720b78ea277cad5b08185a878d14efcfc52e9ec66f6a2defab8c8fcb1955595.png"
"SHA256","0735D4638DAAC0AB2759AED172A8F239961C33BC326B625F6606D0A507E41A77","E:\????\??-???\images\0735d4638daac0ab2759aed172a8f239961c33bc326b625f6606d0a507e41a77.png"
"SHA256","07E2038D61AB398CF65F8EF97299D7CBD8E32CFDABF08733EB7D26D48D4F0602","E:\????\??-???\images\07e2038d61ab398cf65f8ef97299d7cbd8e32cfdabf08733eb7d26d48d4f0602.png"
"SHA256","085F0C79FD3C8B8D6DDE521FDF5AE8A6C456E24DA5AC06D0308F71E1B0653BF7","E:\????\??-???\images\085f0c79fd3c8b8d6dde521fdf5ae8a6c456e24da5ac06d0308f71e1b0653bf7.png"
"SHA256","0875A466EF68FC9060711117BACB6A8FCDBCAFDDCD9DB363E5E6C50666519922","E:\????\??-???\images\0875a466ef68fc9060711117bacb6a8fcdbcafddcd9db363e5e6c50666519922.png"
"SHA256","08BD3FB3BFA7BD4F14F42B4FE816E04C53DCD3FC92D86F66AC98D909E3EFAF0A","E:\????\??-???\images\08bd3fb3bfa7bd4f14f42b4fe816e04c53dcd3fc92d86f66ac98d909e3efaf0a.png"
"SHA256","08BEE66ED1A2E499158E0B21D022473FB51D24400E56ED355E867E2AF447AB39","E:\????\??-???\images\08bee66ed1a2e499158e0b21d022473fb51d24400e56ed355e867e2af447ab39.png"
"SHA256","08C029040C899700F58A8728EF15F72865817178B8EAE6FAACF96DB139587987","E:\????\??-???\images\08c029040c899700f58a8728ef15f72865817178b8eae6faacf96db139587987.png"
"SHA256","08F7DD9AD20183527A1AF556EBC73E352FA97CCEF448A09A4446521B9D2186DC","E:\????\??-???\images\08f7dd9ad20183527a1af556ebc73e352fa97ccef448a09a4446521b9d2186dc.png"
"SHA256","08FD8937F8A5706EBC21D2A86589363FC6C39C5901B4353BAD9D476AB4721185","E:\????\??-???\images\08fd8937f8a5706ebc21d2a86589363fc6c39c5901b4353bad9d476ab4721185.png"
"SHA256","090F48447C95A744FBFF9CB12ED290B4FAF72131D163FD7CD4A680C12B9EFD30","E:\????\??-???\images\090f48447c95a744fbff9cb12ed290b4faf72131d163fd7cd4a680c12b9efd30.png"
"SHA256","094E0FA2E48C569FAE517FCA88F4A1E99FDC32B82BCA003CF00630FB01E12033","E:\????\??-???\images\094e0fa2e48c569fae517fca88f4a1e99fdc32b82bca003cf00630fb01e12033.png"
"SHA256","0956B19DC232C7CBE862F7DB0DF13039E4737C7C6C36A03BDF00AA3919C1E727","E:\????\??-???\images\0956b19dc232c7cbe862f7db0df13039e4737c7c6c36a03bdf00aa3919c1e727.png"
"SHA256","09D25F920B862F1869CE88261A4A4FBE7559EC58C63375BED51088A1FEDBB046","E:\????\??-???\images\09d25f920b862f1869ce88261a4a4fbe7559ec58c63375bed51088a1fedbb046.png"
"SHA256","0A07CCCDE58D913A4F3A9202A78246EA0AB7ACECC34FA9E7F7D27BAF115A995A","E:\????\??-???\images\0a07cccde58d913a4f3a9202a78246ea0ab7acecc34fa9e7f7d27baf115a995a.png"
"SHA256","0A5A3563E8DB6B450FE3C2A917B9B093417B1B503A46EC316CF8504D4BDAFE85","E:\????\??-???\images\0a5a3563e8db6b450fe3c2a917b9b093417b1b503a46ec316cf8504d4bdafe85.png"
"SHA256","0AC8A36C35AF9EB0B56BECBFF2D8D8A7F96E5D28A92EEDD008795F1552D83BA4","E:\????\??-???\images\0ac8a36c35af9eb0b56becbff2d8d8a7f96e5d28a92eedd008795f1552d83ba4.png"
"SHA256","0B2C0C65902E4F3C2D1262B47029D0778BA83E0122FF21C3C9DAF352235FA1C8","E:\????\??-???\images\0b2c0c65902e4f3c2d1262b47029d0778ba83e0122ff21c3c9daf352235fa1c8.png"
"SHA256","0B56A8CE62774A3FCDEB42495A665A7E5AA301A7104DB69ECD156BB78363B236","E:\????\??-???\images\0b56a8ce62774a3fcdeb42495a665a7e5aa301a7104db69ecd156bb78363b236.png"
"SHA256","0B6AEAB69301AB8487D1FAD006FB0C028512BFDDA22E5BCFD26949960D3FA990","E:\????\??-???\images\0b6aeab69301ab8487d1fad006fb0c028512bfdda22e5bcfd26949960d3fa990.png"
"SHA256","0BACA36B5BB0465384F46E3D4D5E168B987B7D384D46C2C3F71A6117D88251AD","E:\????\??-???\images\0baca36b5bb0465384f46e3d4d5e168b987b7d384d46c2c3f71a6117d88251ad.png"
"SHA256","0BE235E52F2F3BB1BBFABC65D283E95B0D315D94820E806C1775461D43D64C69","E:\????\??-???\images\0be235e52f2f3bb1bbfabc65d283e95b0d315d94820e806c1775461d43d64c69.png"
"SHA256","0C0894836325EB7C55EAA4418CA18D2AF5B2E687FED018D376226138E3F153B1","E:\????\??-???\images\0c0894836325eb7c55eaa4418ca18d2af5b2e687fed018d376226138e3f153b1.png"
"SHA256","0C0B0F4BA63695C99FFE2951994B76EC23801F6D9F469CFD61545CF3F6DF2E72","E:\????\??-???\images\0c0b0f4ba63695c99ffe2951994b76ec23801f6d9f469cfd61545cf3f6df2e72.png"
"SHA256","0C3AA8022AE8B8C7F2F52ECAEDF8FB26354E2D00CECACED874CFAECBC336FC2D","E:\????\??-???\images\0c3aa8022ae8b8c7f2f52ecaedf8fb26354e2d00cecaced874cfaecbc336fc2d.png"
"SHA256","0C554C1CE16AAB682EC5520EE37DD1446B7ECCBD60283721EED66451C07EC215","E:\????\??-???\images\0c554c1ce16aab682ec5520ee37dd1446b7eccbd60283721eed66451c07ec215.png"
"SHA256","0C72ED9ECD77E076F1559ECB496D2F0E3B44AF75D63CE8BD1B2EB309555BC804","E:\????\??-???\images\0c72ed9ecd77e076f1559ecb496d2f0e3b44af75d63ce8bd1b2eb309555bc804.png"
"SHA256","0CA2EEBB0D4DEE7B753E12ECC4E88F2774EAA69A2FA17BBD78A117D84BF7DEB6","E:\????\??-???\images\0ca2eebb0d4dee7b753e12ecc4e88f2774eaa69a2fa17bbd78a117d84bf7deb6.png"
"SHA256","0CD03AD018A012CB3FE8C11B8E124D4481827B34E7DE9F43992E5E9BE1B8E137","E:\????\??-???\images\0cd03ad018a012cb3fe8c11b8e124d4481827b34e7de9f43992e5e9be1b8e137.png"
"SHA256","0CD3F2E8EC8F74C33519DA7F276E4E0F9C308A647599E6DF92A1F1F363754019","E:\????\??-???\images\0cd3f2e8ec8f74c33519da7f276e4e0f9c308a647599e6df92a1f1f363754019.png"
"SHA256","0CFED6CC1E04956C512EFCDE8A121B3757DEF2584EFDABFE9816375FA89EBDD9","E:\????\??-???\images\0cfed6cc1e04956c512efcde8a121b3757def2584efdabfe9816375fa89ebdd9.png"
"SHA256","0D37D258A74FE4FC73390C944C7097945B2DA392D908051FBEC382C22DD7F4F1","E:\????\??-???\images\0d37d258a74fe4fc73390c944c7097945b2da392d908051fbec382c22dd7f4f1.png"
"SHA256","0DCE7A9E17F5558AB3270298C6B0406C748299E1B2086ABC74735A1BB661897F","E:\????\??-???\images\0dce7a9e17f5558ab3270298c6b0406c748299e1b2086abc74735a1bb661897f.png"
"SHA256","0E5474F34A2B8A76FA2BC5BCAE5BD9920D24D7C0BA0656ED02A3A985396BF14F","E:\????\??-???\images\0e5474f34a2b8a76fa2bc5bcae5bd9920d24d7c0ba0656ed02a3a985396bf14f.png"
"SHA256","0E6331A8CCFEACC2E51898C51DD3A280BC19C148714A5F6FF4F4872E7AE4BC6E","E:\????\??-???\images\0e6331a8ccfeacc2e51898c51dd3a280bc19c148714a5f6ff4f4872e7ae4bc6e.png"
"SHA256","0E70580C1A7F9047FAA4E131B4B10E35EB8C123A22A3DA402C4D79EEEAFC280F","E:\????\??-???\images\0e70580c1a7f9047faa4e131b4b10e35eb8c123a22a3da402c4d79eeeafc280f.png"
"SHA256","0E738F23225BF225B400595553A0BF51C1DC0450F6ED24B9785FF8C1F2F4F5C2","E:\????\??-???\images\0e738f23225bf225b400595553a0bf51c1dc0450f6ed24b9785ff8c1f2f4f5c2.png"
"SHA256","0E995AA4981792FF9E88603D01C18929814F444600E4F316A730C2299FDAFEC2","E:\????\??-???\images\0e995aa4981792ff9e88603d01c18929814f444600e4f316a730c2299fdafec2.png"
"SHA256","0EAB079D04CC34C373045EB8529F12A4436BBE118280F4165E4B67243F455563","E:\????\??-???\images\0eab079d04cc34c373045eb8529f12a4436bbe118280f4165e4b67243f455563.png"
"SHA256","0EDCAB1928DA45C9658CCD51E495A7657A352A6C14E3FA85B4FA3A4D5FF52CE7","E:\????\??-???\images\0edcab1928da45c9658ccd51e495a7657a352a6c14e3fa85b4fa3a4d5ff52ce7.png"
"SHA256","0F592E24137A2275DC09669294E1FCD35D5E043BB7B7976CBE20C804C011E58A","E:\????\??-???\images\0f592e24137a2275dc09669294e1fcd35d5e043bb7b7976cbe20c804c011e58a.png"
"SHA256","0F9C379D8220E4A09091271CA8D3AACF450EDC2D353B7B22FEB57C1FBDE23802","E:\????\??-???\images\0f9c379d8220e4a09091271ca8d3aacf450edc2d353b7b22feb57c1fbde23802.png"
"SHA256","0FBC845BB57EDB99A81A1565B880944A815BEAE2E71F321999CC2D53DF59DAB0","E:\????\??-???\images\0fbc845bb57edb99a81a1565b880944a815beae2e71f321999cc2d53df59dab0.png"
"SHA256","10308C0D6559F6FDB86D7D77688B0DD22DBEA540A80966867B16E39EBC036BBC","E:\????\??-???\images\10308c0d6559f6fdb86d7d77688b0dd22dbea540a80966867b16e39ebc036bbc.png"
"SHA256","1044429B82DE94C4FD1113C5F6B15DEFA88788E63D18597CAEFD9B6B6BC00863","E:\????\??-???\images\1044429b82de94c4fd1113c5f6b15defa88788e63d18597caefd9b6b6bc00863.png"
"SHA256","107E2FDC91FE9C216B42BA7BA7B4E4C07E9FD3CA84278BE0944BA2B1D8C25E63","E:\????\??-???\images\107e2fdc91fe9c216b42ba7ba7b4e4c07e9fd3ca84278be0944ba2b1d8c25e63.png"
"SHA256","10EB4C4C179C20E9BE7F78CDD438D96BDADC083FA39E39A7C0BCE166E91ECC56","E:\????\??-???\images\10eb4c4c179c20e9be7f78cdd438d96bdadc083fa39e39a7c0bce166e91ecc56.png"
"SHA256","110B1082C688F93C094382ED50159D27C7E7220C1192FC8EDEC3E5F47918DBDC","E:\????\??-???\images\110b1082c688f93c094382ed50159d27c7e7220c1192fc8edec3e5f47918dbdc.png"
"SHA256","111A9657F8F4FAAF9457CFE58465B68708C8904936B0E76D3EB62C51B5E3138B","E:\????\??-???\images\111a9657f8f4faaf9457cfe58465b68708c8904936b0e76d3eb62c51b5e3138b.png"
"SHA256","119CB236EAFCDBE77A7A8FF17492455DA9E13ECFDA2BFB5B2E8457D9D2C634EA","E:\????\??-???\images\119cb236eafcdbe77a7a8ff17492455da9e13ecfda2bfb5b2e8457d9d2c634ea.png"
"SHA256","11BA6C6E779236847ABE2F1B8B15D6C4D5D3D701C12C74182F6643F8A572EE2E","E:\????\??-???\images\11ba6c6e779236847abe2f1b8b15d6c4d5d3d701c12c74182f6643f8a572ee2e.png"
"SHA256","11FD97467F69E8AF4D2BB561D36E784BD1DCF6519CD586CAA3F5D873E855B748","E:\????\??-???\images\11fd97467f69e8af4d2bb561d36e784bd1dcf6519cd586caa3f5d873e855b748.png"
"SHA256","1201D62AD81DFFA70763E35F92291FA8E40A81313B49C54D7C0BEC25055BE250","E:\????\??-???\images\1201d62ad81dffa70763e35f92291fa8e40a81313b49c54d7c0bec25055be250.png"
"SHA256","127044180DFBC4A7AC4A1B75A038F3B13F8D23DCED561AFF3B986DB2B2C1E4F0","E:\????\??-???\images\127044180dfbc4a7ac4a1b75a038f3b13f8d23dced561aff3b986db2b2c1e4f0.png"
"SHA256","12872B4E36751B4B10F7652A3482A8ABF0B68F54D00E0A74C97BA79A429361BA","E:\????\??-???\images\12872b4e36751b4b10f7652a3482a8abf0b68f54d00e0a74c97ba79a429361ba.png"
"SHA256","129A8758B9FDF65C1379BEDD321D568BB97CF231FEDE04E27DB0A2A753FED267","E:\????\??-???\images\129a8758b9fdf65c1379bedd321d568bb97cf231fede04e27db0a2a753fed267.png"
"SHA256","12C99AC231E0ED64AD42EBFE6E0650FE70383E6C91E73A4D651ADA0EAF4E0605","E:\????\??-???\images\12c99ac231e0ed64ad42ebfe6e0650fe70383e6c91e73a4d651ada0eaf4e0605.png"
"SHA256","12E2B3A04AA28C2C06713C1BAE165B694A3C54C32AC84396F7740B21E60141CC","E:\????\??-???\images\12e2b3a04aa28c2c06713c1bae165b694a3c54c32ac84396f7740b21e60141cc.png"
"SHA256","133CB9135BFDDF6173BE6205A8D7BE092A226F6533D79FC3C31478E45A5FF9BE","E:\????\??-???\images\133cb9135bfddf6173be6205a8d7be092a226f6533d79fc3c31478e45a5ff9be.png"
"SHA256","133DA0F3F5DF588E423EFF7D31D51EF0EEA5AC25EB7C007DBE92817A77307882","E:\????\??-???\images\133da0f3f5df588e423eff7d31d51ef0eea5ac25eb7c007dbe92817a77307882.png"
"SHA256","135C08EEE18FEE272E17FDC32731DC4880FEB479A5BA57C9CA8B8B573BC02809","E:\????\??-???\images\135c08eee18fee272e17fdc32731dc4880feb479a5ba57c9ca8b8b573bc02809.png"
"SHA256","1363DD0A44195875236C72EAF47579A4A9869563D993E0FC9D1C50C67307E73B","E:\????\??-???\images\1363dd0a44195875236c72eaf47579a4a9869563d993e0fc9d1c50c67307e73b.png"
"SHA256","13A9C22C8BD39DEAE031D7DDA996F42EB75131EA2A638F510AEC4E1272F139CF","E:\????\??-???\images\13a9c22c8bd39deae031d7dda996f42eb75131ea2a638f510aec4e1272f139cf.png"
"SHA256","13B2E92CFF0921105F192F1BE6D09E3C96B25A5AA3E84558F025A7D2283E1764","E:\????\??-???\images\13b2e92cff0921105f192f1be6d09e3c96b25a5aa3e84558f025a7d2283e1764.png"
"SHA256","1405A6680DAD3F7BF52B0D537931CD10258869DB69A14099B3642A65B06F41F1","E:\????\??-???\images\1405a6680dad3f7bf52b0d537931cd10258869db69a14099b3642a65b06f41f1.png"
"SHA256","14098C2C5624CDA1BFE77FBE8CD412B52A737C3533A07555E9A9F71A4DF692A5","E:\????\??-???\images\14098c2c5624cda1bfe77fbe8cd412b52a737c3533a07555e9a9f71a4df692a5.png"
"SHA256","147DEF39B8DF27527E3E8E19182B2CCED45192C86EF12852D3C426C379CAD205","E:\????\??-???\images\147def39b8df27527e3e8e19182b2cced45192c86ef12852d3c426c379cad205.png"
"SHA256","1482832309ECE7D4E7CF495BEB37D48C553955380CD1A9C652182D0597BD8EDA","E:\????\??-???\images\1482832309ece7d4e7cf495beb37d48c553955380cd1a9c652182d0597bd8eda.png"
"SHA256","14A35F01106BB30839358AEBB419DC3C0044972B59C3001747508BC3C78ACFCA","E:\????\??-???\images\14a35f01106bb30839358aebb419dc3c0044972b59c3001747508bc3c78acfca.png"
"SHA256","1557866B59915F92384C6AF973BC2CC5A4A88431FCDAEE16C9FF2B86F5238533","E:\????\??-???\images\1557866b59915f92384c6af973bc2cc5a4a88431fcdaee16c9ff2b86f5238533.png"
"SHA256","15603CCFD0EA039C222A57820651FC8E40C02137ADB4FE1D29A7D091E075A759","E:\????\??-???\images\15603ccfd0ea039c222a57820651fc8e40c02137adb4fe1d29a7d091e075a759.png"
"SHA256","1576A88A4F26FA1FB5B8A5600FF5264B04A3E627314C8DC1FC721F2CBBA5D6BD","E:\????\??-???\images\1576a88a4f26fa1fb5b8a5600ff5264b04a3e627314c8dc1fc721f2cbba5d6bd.png"
"SHA256","16032297F470B362C9125FC2D7F414B0CE636B13D8DF67CEEFC1A511BA726D0B","E:\????\??-???\images\16032297f470b362c9125fc2d7f414b0ce636b13d8df67ceefc1a511ba726d0b.png"
"SHA256","1636EA3368922A8C6170789E1B6F5B8FD42A28750A323040B3A159D19F34DDF0","E:\????\??-???\images\1636ea3368922a8c6170789e1b6f5b8fd42a28750a323040b3a159d19f34ddf0.png"
"SHA256","1655F9997592915D914F04A47CD831AD286C077529A5929B724E774FACDD92E3","E:\????\??-???\images\1655f9997592915d914f04a47cd831ad286c077529a5929b724e774facdd92e3.png"
"SHA256","166F9DFF2E847D0BE4F9E32C38D4B4448BBF025FB666104325745B7760AEA630","E:\????\??-???\images\166f9dff2e847d0be4f9e32c38d4b4448bbf025fb666104325745b7760aea630.png"
"SHA256","16A4806CABEE2386D4CEC2C4489EA46815EA5370A2D57A85622DDB506B984608","E:\????\??-???\images\16a4806cabee2386d4cec2c4489ea46815ea5370a2d57a85622ddb506b984608.png"
"SHA256","16B89773411DDDFB0B43C9CEBBF70063D8F8CA46104B2502744382CC913D869D","E:\????\??-???\images\16b89773411dddfb0b43c9cebbf70063d8f8ca46104b2502744382cc913d869d.png"
"SHA256","16CD6B7D3F58EB50B4D4BCD73AB25484676ACD09F5AC29C3A167655025C2452B","E:\????\??-???\images\16cd6b7d3f58eb50b4d4bcd73ab25484676acd09f5ac29c3a167655025c2452b.png"
"SHA256","16F97F26F3CF9D1D7299D8101497A31778CF3DDB18536CCB949D384A50122522","E:\????\??-???\images\16f97f26f3cf9d1d7299d8101497a31778cf3ddb18536ccb949d384a50122522.png"
"SHA256","171CF2D6CE32BC489A2F2013CAD5C3C43DDA061BD8B1498BB8CF03EA4826EBAA","E:\????\??-???\images\171cf2d6ce32bc489a2f2013cad5c3c43dda061bd8b1498bb8cf03ea4826ebaa.png"
"SHA256","173E52D54734D82B20D6224317FF6DAC6340A7BC27B82C3492FE68203D4B12FB","E:\????\??-???\images\173e52d54734d82b20d6224317ff6dac6340a7bc27b82c3492fe68203d4b12fb.png"
"SHA256","175EAAA7CF86AE2FF5F2CD7886D1C80402B5D9C9397E14D1DD3A5E09DA202EF0","E:\????\??-???\images\175eaaa7cf86ae2ff5f2cd7886d1c80402b5d9c9397e14d1dd3a5e09da202ef0.png"
"SHA256","177302745119C6AC141F1210E19903E845FD848359D6D1F823626A75B868C150","E:\????\??-???\images\177302745119c6ac141f1210e19903e845fd848359d6d1f823626a75b868c150.png"
"SHA256","177D8A99FCD1925AAA011F5E151819213D0CDED57D3BFA65C0278B513D189CD5","E:\????\??-???\images\177d8a99fcd1925aaa011f5e151819213d0cded57d3bfa65c0278b513d189cd5.png"
"SHA256","178CB9FEC164E72C5AB3297FA28FA324B5C1FC10292C76CAAF198A10A382C60B","E:\????\??-???\images\178cb9fec164e72c5ab3297fa28fa324b5c1fc10292c76caaf198a10a382c60b.png"
"SHA256","17ED281589913E4C6F7EABB641F0E267A7FE4C89A79D7E18FA0372B1A590446A","E:\????\??-???\images\17ed281589913e4c6f7eabb641f0e267a7fe4c89a79d7e18fa0372b1a590446a.png"
"SHA256","1845D2507EA9780502B27AB23935F615C7A0D8BE5333E59B7D7293EF932324A4","E:\????\??-???\images\1845d2507ea9780502b27ab23935f615c7a0d8be5333e59b7d7293ef932324a4.png"
"SHA256","1859A9AC5E7DB631EB194EC6BAB0868A31FB3D0D012E2568D1CB64B860335644","E:\????\??-???\images\1859a9ac5e7db631eb194ec6bab0868a31fb3d0d012e2568d1cb64b860335644.png"
"SHA256","187C6617F96EF7724D6F7F26E9BCF8B09239AC2FCA0FDDCE1B53F924B51A6781","E:\????\??-???\images\187c6617f96ef7724d6f7f26e9bcf8b09239ac2fca0fddce1b53f924b51a6781.png"
"SHA256","188307971E2D72D737A27E09C19ED1D0EF4D4A90C8D097E6FAAF098568604CE3","E:\????\??-???\images\188307971e2d72d737a27e09c19ed1d0ef4d4a90c8d097e6faaf098568604ce3.png"
"SHA256","1899217E1EE8B2A286CF4C289EB3D335CE6D0BB3D57608827931DAED60B2655C","E:\????\??-???\images\1899217e1ee8b2a286cf4c289eb3d335ce6d0bb3d57608827931daed60b2655c.png"
"SHA256","18FD1FAD16B47891BECC1A9036DE82D32ADCBEE3961746C0ED4EA76616BC6FB5","E:\????\??-???\images\18fd1fad16b47891becc1a9036de82d32adcbee3961746c0ed4ea76616bc6fb5.png"
"SHA256","192CA5BC01F52CA6F167A6A455C7184E73BFB66368CC40771F295A10A12B7D8C","E:\????\??-???\images\192ca5bc01f52ca6f167a6a455c7184e73bfb66368cc40771f295a10a12b7d8c.png"
"SHA256","1951019763B3BD6F66024C0A707E88EBA4ACA3D88BF501097666F3042C929FB6","E:\????\??-???\images\1951019763b3bd6f66024c0a707e88eba4aca3d88bf501097666f3042c929fb6.png"
"SHA256","19F1E9C995A283A3B0C5F68A45F3C9BE91944377431B8CC844DAB1387A5B28DC","E:\????\??-???\images\19f1e9c995a283a3b0c5f68a45f3c9be91944377431b8cc844dab1387a5b28dc.png"
"SHA256","19FC8030462494DBBB5469B8278347E7622DC61BBFAA599B1D05F6434F613E9D","E:\????\??-???\images\19fc8030462494dbbb5469b8278347e7622dc61bbfaa599b1d05f6434f613e9d.png"
"SHA256","1A524F998196D38416DE13133A177C67588F40F94374E7008E5867D8A9B85CE8","E:\????\??-???\images\1a524f998196d38416de13133a177c67588f40f94374e7008e5867d8a9b85ce8.png"
"SHA256","1A67905DB2D59A429833FAFE322ADEF3CE6248E27F67F33E3F608334A432F4B7","E:\????\??-???\images\1a67905db2d59a429833fafe322adef3ce6248e27f67f33e3f608334a432f4b7.png"
"SHA256","1A75787C24616C10098A3AB75DF3D5327D0A3E2C27670F97D6F7580A719FF665","E:\????\??-???\images\1a75787c24616c10098a3ab75df3d5327d0a3e2c27670f97d6f7580a719ff665.png"
"SHA256","1A832D5D2DFC6859BEC6FB33A6DF017193516F5EF18716B17871DAA7770B6E43","E:\????\??-???\images\1a832d5d2dfc6859bec6fb33a6df017193516f5ef18716b17871daa7770b6e43.png"
"SHA256","1A9810AD09292C159C0C7B83A611C2089536DC27266078B98E012DC05AB4FA39","E:\????\??-???\images\1a9810ad09292c159c0c7b83a611c2089536dc27266078b98e012dc05ab4fa39.png"
"SHA256","1AB378B8FDF128464229961E0023BC595F30E0ED55C6D38AE6554611762CEE8A","E:\????\??-???\images\1ab378b8fdf128464229961e0023bc595f30e0ed55c6d38ae6554611762cee8a.png"
"SHA256","1B098AB557EF63C156D791C07A4C4F56A60E805DEC180313D866A5146F099782","E:\????\??-???\images\1b098ab557ef63c156d791c07a4c4f56a60e805dec180313d866a5146f099782.png"
"SHA256","1B1A9D9C44D4A6C15549300828113A24D5771E600F41D222CEC6B6A8EFF13D97","E:\????\??-???\images\1b1a9d9c44d4a6c15549300828113a24d5771e600f41d222cec6b6a8eff13d97.png"
"SHA256","1B7AF901759D29454BF6355FB3B853B59518D4A1DD169EF448D02AC32564E58C","E:\????\??-???\images\1b7af901759d29454bf6355fb3b853b59518d4a1dd169ef448d02ac32564e58c.png"
"SHA256","1B892C877A63C9F4DE405A7BD9C6B2251E7E9D2D494F3F26EE7C4C58E6D4AF20","E:\????\??-???\images\1b892c877a63c9f4de405a7bd9c6b2251e7e9d2d494f3f26ee7c4c58e6d4af20.png"
"SHA256","1B90C6084FF4AE92F6F2422F018E69346F6F65707401F66DFE9AAB24B849BFA3","E:\????\??-???\images\1b90c6084ff4ae92f6f2422f018e69346f6f65707401f66dfe9aab24b849bfa3.png"
"SHA256","1B9AB3C2518220CB3DF63D7D594F0CE10C46DB49FDDA15B462D0610A0DD13519","E:\????\??-???\images\1b9ab3c2518220cb3df63d7d594f0ce10c46db49fdda15b462d0610a0dd13519.png"
"SHA256","1C28731669806F9490C68820F68844023C298AD509CEA50922A428B097B3641C","E:\????\??-???\images\1c28731669806f9490c68820f68844023c298ad509cea50922a428b097b3641c.png"
"SHA256","1C31A08BE531E1047D50CEECA48A62D62D7065189F493B18AF65B46B399DC0BC","E:\????\??-???\images\1c31a08be531e1047d50ceeca48a62d62d7065189f493b18af65b46b399dc0bc.png"
"SHA256","1C560DFAE4153A6179C3D482260F2F0585947C49F7997469F54F932A3CE13557","E:\????\??-???\images\1c560dfae4153a6179c3d482260f2f0585947c49f7997469f54f932a3ce13557.png"
"SHA256","1C60927E82AA396D05AF0D45469CA425E661D7E25C985AC110FC33A921AE29A7","E:\????\??-???\images\1c60927e82aa396d05af0d45469ca425e661d7e25c985ac110fc33a921ae29a7.png"
"SHA256","1C7575679ED1F31DFE86408977506BBF8399E4211BDE216B45FADEEAEED77DD8","E:\????\??-???\images\1c7575679ed1f31dfe86408977506bbf8399e4211bde216b45fadeeaeed77dd8.png"
"SHA256","1CB97297CC993B0855DECDEEA8B202BF54E7418DC6C39D873C4D5834408F48E7","E:\????\??-???\images\1cb97297cc993b0855decdeea8b202bf54e7418dc6c39d873c4d5834408f48e7.png"
"SHA256","1DBBD139A759E530268DAE309DAB136DC80F37F878D286E70D271EE66D55281D","E:\????\??-???\images\1dbbd139a759e530268dae309dab136dc80f37f878d286e70d271ee66d55281d.png"
"SHA256","1DCFFFC2402D05ECA3DBCBE10446E18FE6D4ADBFFF873B5F07676F794A133C2C","E:\????\??-???\images\1dcfffc2402d05eca3dbcbe10446e18fe6d4adbfff873b5f07676f794a133c2c.png"
"SHA256","1DD72BB685793AB933CA04E97A77C2887D8E10D1626828DD68EE96358FFA704F","E:\????\??-???\images\1dd72bb685793ab933ca04e97a77c2887d8e10d1626828dd68ee96358ffa704f.png"
"SHA256","1E329E2DBE032825B316D400D83672D7ACEA1FF60E77E1AB7AF63EB91C2C1350","E:\????\??-???\images\1e329e2dbe032825b316d400d83672d7acea1ff60e77e1ab7af63eb91c2c1350.png"
"SHA256","1E56B812CC535AD96CCA7B01AE564423218351469C7FEC7ED460E94ACF92612D","E:\????\??-???\images\1e56b812cc535ad96cca7b01ae564423218351469c7fec7ed460e94acf92612d.png"
"SHA256","1E755169C4F25337FEFC481F6BD8589B6BFE34DC10922444E34D2E399F5C4419","E:\????\??-???\images\1e755169c4f25337fefc481f6bd8589b6bfe34dc10922444e34d2e399f5c4419.png"
"SHA256","1E7DFA203988B4924D37D4FCC977BBBB39EAC87198A888F87F8D4907E18241A5","E:\????\??-???\images\1e7dfa203988b4924d37d4fcc977bbbb39eac87198a888f87f8d4907e18241a5.png"
"SHA256","1E980B4552ADB89DE6B7AE8934AFE5A6DD51B0D668DED6D86ED0A73FD85C2F81","E:\????\??-???\images\1e980b4552adb89de6b7ae8934afe5a6dd51b0d668ded6d86ed0a73fd85c2f81.png"
"SHA256","1E9A2E064EB33B6CE620EB816A85F22EDCB68919E51D362F87CB6E45400CD654","E:\????\??-???\images\1e9a2e064eb33b6ce620eb816a85f22edcb68919e51d362f87cb6e45400cd654.png"
"SHA256","1EB7124D8B576125110D440492EFA4C3F8B5BB9CC3B64082B8C5F5465B992DF3","E:\????\??-???\images\1eb7124d8b576125110d440492efa4c3f8b5bb9cc3b64082b8c5f5465b992df3.png"
"SHA256","1F17304B20DEB4A409B857FC0C673122E27687F12514A648CAECDFDF38EBF0B2","E:\????\??-???\images\1f17304b20deb4a409b857fc0c673122e27687f12514a648caecdfdf38ebf0b2.png"
"SHA256","1F2AA7A4B429049A4FF0DDF21495002B4886032F0E070545CB912166D36B6C62","E:\????\??-???\images\1f2aa7a4b429049a4ff0ddf21495002b4886032f0e070545cb912166d36b6c62.png"
"SHA256","1F752293563582952F6029590346C8AB30A09532DEAA307E16CA8E34314D5748","E:\????\??-???\images\1f752293563582952f6029590346c8ab30a09532deaa307e16ca8e34314d5748.png"
"SHA256","1F9CD1D55789A01E4331D435BF1FE733EF4933848DB406E55CD1370DDE4BBD0B","E:\????\??-???\images\1f9cd1d55789a01e4331d435bf1fe733ef4933848db406e55cd1370dde4bbd0b.png"
"SHA256","1FCF421CFAA60DBA235ADE2C961915362FC3E36124FF1A017E35C871A54ED9E1","E:\????\??-???\images\1fcf421cfaa60dba235ade2c961915362fc3e36124ff1a017e35c871a54ed9e1.png"
"SHA256","2054C56574497B3C2732AA51CFD385EA62040C5B9DD8731BE8C098ED2538FB53","E:\????\??-???\images\2054c56574497b3c2732aa51cfd385ea62040c5b9dd8731be8c098ed2538fb53.png"
"SHA256","2055C65402C2B80B0AB45EFA2B32E54EEA41CE3C03ED74C6541214C672941BBC","E:\????\??-???\images\2055c65402c2b80b0ab45efa2b32e54eea41ce3c03ed74c6541214c672941bbc.png"
"SHA256","2055F80D02B65215D0233A3BF1BDA34760DD9BC751317F18D0CD2FD8E065E4A7","E:\????\??-???\images\2055f80d02b65215d0233a3bf1bda34760dd9bc751317f18d0cd2fd8e065e4a7.png"
"SHA256","206118457E3E7349FBCF0AEBA6AD999862C0576D42CF3DC83123E71D13F45591","E:\????\??-???\images\206118457e3e7349fbcf0aeba6ad999862c0576d42cf3dc83123e71d13f45591.png"
"SHA256","206EE2644793B14322C1781384F1B8832650A9F003BD7DD55E52CD402888571B","E:\????\??-???\images\206ee2644793b14322c1781384f1b8832650a9f003bd7dd55e52cd402888571b.png"
"SHA256","207349D29AB7D2322818A64E88E35F28A738CE6AD157AD14AE5103C2D68FF3DE","E:\????\??-???\images\207349d29ab7d2322818a64e88e35f28a738ce6ad157ad14ae5103c2d68ff3de.png"
"SHA256","208C4949421E4F46D00B9772126D7A2020FFBC1423A6FFC2EBD5E1B1E922962B","E:\????\??-???\images\208c4949421e4f46d00b9772126d7a2020ffbc1423a6ffc2ebd5e1b1e922962b.png"
"SHA256","20ACA6A5A40897636F9A29BBDA1EE89F373900F0B51860ACDF859A8CBED52319","E:\????\??-???\images\20aca6a5a40897636f9a29bbda1ee89f373900f0b51860acdf859a8cbed52319.png"
"SHA256","210E28C91C872336B58C53B9008755EA326B9E5922630B1243007E9D96049F48","E:\????\??-???\images\210e28c91c872336b58c53b9008755ea326b9e5922630b1243007e9d96049f48.png"
"SHA256","217C0F562D1E45BDCEF2080EC9A2469118079A3FF526BA73655988FE1E452DF9","E:\????\??-???\images\217c0f562d1e45bdcef2080ec9a2469118079a3ff526ba73655988fe1e452df9.png"
"SHA256","21894E4C31C43F65C6151DABDD54199D435A09CEBA4CCBB5BA3D00D31122AACC","E:\????\??-???\images\21894e4c31c43f65c6151dabdd54199d435a09ceba4ccbb5ba3d00d31122aacc.png"
"SHA256","21AEE2406D0227AC8580FFF33726F4B8A0ACAFA2BAB27603A8A5A291B9DCB49B","E:\????\??-???\images\21aee2406d0227ac8580fff33726f4b8a0acafa2bab27603a8a5a291b9dcb49b.png"
"SHA256","2223505D247A68B0D389CDD7EE92E93B8CD4F58DA584AB164ED6312E7605B2EF","E:\????\??-???\images\2223505d247a68b0d389cdd7ee92e93b8cd4f58da584ab164ed6312e7605b2ef.png"
"SHA256","223426B6833AF572E8B6648E2ECDF3C62E84091B1268555F58462188F85E6AD8","E:\????\??-???\images\223426b6833af572e8b6648e2ecdf3c62e84091b1268555f58462188f85e6ad8.png"
"SHA256","224E60F099892C006DA558D23BEBD2A69385A9CE257AC509601EF6531C418210","E:\????\??-???\images\224e60f099892c006da558d23bebd2a69385a9ce257ac509601ef6531c418210.png"
"SHA256","22517B6AA7334E44AB92A4361E759EFA9F94C806365B5157F1384B1A27C0FCF0","E:\????\??-???\images\22517b6aa7334e44ab92a4361e759efa9f94c806365b5157f1384b1a27c0fcf0.png"
"SHA256","226B9A589B9A292E4C2C18D958F00B4E04758DC9583840B0EC6B9D01A3A5F706","E:\????\??-???\images\226b9a589b9a292e4c2c18d958f00b4e04758dc9583840b0ec6b9d01a3a5f706.png"
"SHA256","229F1690FF96DBCC0331AEBFA33A02D6495C07B0B132A354663437E8FCCF0CFB","E:\????\??-???\images\229f1690ff96dbcc0331aebfa33a02d6495c07b0b132a354663437e8fccf0cfb.png"
"SHA256","22CFF826216E4116D8947F82AEA4C0738C81C03FD5C7979933A80DB9A336DA19","E:\????\??-???\images\22cff826216e4116d8947f82aea4c0738c81c03fd5c7979933a80db9a336da19.png"
"SHA256","23508A3166A2276A80220711BE634DC1193EB9FE8E980F5523471E0BAE0E9F50","E:\????\??-???\images\23508a3166a2276a80220711be634dc1193eb9fe8e980f5523471e0bae0e9f50.png"
"SHA256","235093A3F48D4C3B2827B921B3359F76C7F12C346C7661894F7C546452E17559","E:\????\??-???\images\235093a3f48d4c3b2827b921b3359f76c7f12c346c7661894f7c546452e17559.png"
"SHA256","23A30C81935C32D5D42EB1935880015D5F81B72C92AA0DCFA58EA5EAE3458995","E:\????\??-???\images\23a30c81935c32d5d42eb1935880015d5f81b72c92aa0dcfa58ea5eae3458995.png"
"SHA256","23A46AA301D14D084B732D3FF46CD0651EA491FD631B46B77A0200286EA80009","E:\????\??-???\images\23a46aa301d14d084b732d3ff46cd0651ea491fd631b46b77a0200286ea80009.png"
"SHA256","23FF76596DAC3BA288BE782B681C49B04E5403917E696A58BDE5F3529C24820F","E:\????\??-???\images\23ff76596dac3ba288be782b681c49b04e5403917e696a58bde5f3529c24820f.png"
"SHA256","2457323AF6BE6EDF9EFC5061107EE026DAE77A70BF61311E150CDF2DA0919022","E:\????\??-???\images\2457323af6be6edf9efc5061107ee026dae77a70bf61311e150cdf2da0919022.png"
"SHA256","249202C402E3C74C5576E12AA63B8BE3FF8335AC35321F9671DDF0B7E9C2E455","E:\????\??-???\images\249202c402e3c74c5576e12aa63b8be3ff8335ac35321f9671ddf0b7e9c2e455.png"
"SHA256","24995832B378B44A83E4A696156BA44D435B3EFAF2A14308DDA35C8FA91423AC","E:\????\??-???\images\24995832b378b44a83e4a696156ba44d435b3efaf2a14308dda35c8fa91423ac.png"
"SHA256","2499698E1BBEA7383D4CF76195C0BD97F4AD523F82651970041CDA403137F315","E:\????\??-???\images\2499698e1bbea7383d4cf76195c0bd97f4ad523f82651970041cda403137f315.png"
"SHA256","24AEDA39FB890E48E706365DE375C4DD0B736B804F1A5A124C5837D89FA21340","E:\????\??-???\images\24aeda39fb890e48e706365de375c4dd0b736b804f1a5a124c5837d89fa21340.png"
"SHA256","24F5DA8C65A4A0FF075C9D1016D86C31432B541AE9760548195DDF1094879315","E:\????\??-???\images\24f5da8c65a4a0ff075c9d1016d86c31432b541ae9760548195ddf1094879315.png"
"SHA256","2510B953EBEB75CC64D8F06F9607C4FE9F13696A3B65568665CE40DCE7283999","E:\????\??-???\images\2510b953ebeb75cc64d8f06f9607c4fe9f13696a3b65568665ce40dce7283999.png"
"SHA256","253ECBC0DB3C511481B445174C7753A87D57D57486BFB0693E38A8582CC838E3","E:\????\??-???\images\253ecbc0db3c511481b445174c7753a87d57d57486bfb0693e38a8582cc838e3.png"
"SHA256","254A7FCABC960F539BB4A1A3127A7969A75741D5B74C34165DE23F48F962A17E","E:\????\??-???\images\254a7fcabc960f539bb4a1a3127a7969a75741d5b74c34165de23f48f962a17e.png"
"SHA256","254BF856F43A0A644971A1DD8AC5BD7A272B89CB32E970499EC65755CE0D5403","E:\????\??-???\images\254bf856f43a0a644971a1dd8ac5bd7a272b89cb32e970499ec65755ce0d5403.png"
"SHA256","255DED676C5B478B1AEC766EA2D7822CD45F91789D37829D9944A1BEBFA8C76E","E:\????\??-???\images\255ded676c5b478b1aec766ea2d7822cd45f91789d37829d9944a1bebfa8c76e.png"
"SHA256","259D6DAA439E5CDCDB90B842EF617B812C8B30DDA61E71E0F34EE2F7012190B9","E:\????\??-???\images\259d6daa439e5cdcdb90b842ef617b812c8b30dda61e71e0f34ee2f7012190b9.png"
"SHA256","25B8981D29B66D89533E65FA6A5A5646B36E787ABCDD7D1C46539C55011C9FD0","E:\????\??-???\images\25b8981d29b66d89533e65fa6a5a5646b36e787abcdd7d1c46539c55011c9fd0.png"
"SHA256","25BD9CA0E4C7686BD80D97D61E41AF88EFAA85EA92F738E51646C8D506086977","E:\????\??-???\images\25bd9ca0e4c7686bd80d97d61e41af88efaa85ea92f738e51646c8d506086977.png"
"SHA256","25FC93E0EBE54A8161058602A9A3D9FBFB96201AF7524C0999A2DFF5685F57A0","E:\????\??-???\images\25fc93e0ebe54a8161058602a9a3d9fbfb96201af7524c0999a2dff5685f57a0.png"
"SHA256","268B07136A95231F472A2001EC79FFC98CC5DD5975180A3EB331498D6529FA1F","E:\????\??-???\images\268b07136a95231f472a2001ec79ffc98cc5dd5975180a3eb331498d6529fa1f.png"
"SHA256","26BB715FF77F3EBEE70589BC8AF5A281774CB81FC139B05B7A750571930C6890","E:\????\??-???\images\26bb715ff77f3ebee70589bc8af5a281774cb81fc139b05b7a750571930c6890.png"
"SHA256","26CB24FE8E468F89BF69CB8500F31BF3D307EB919A0C37BBF87D70B8CFF39C12","E:\????\??-???\images\26cb24fe8e468f89bf69cb8500f31bf3d307eb919a0c37bbf87d70b8cff39c12.png"
"SHA256","278CAC43507CCE5D04D505D1DC577C94AD92C78F6F2C7913F05EC0BD3C63967A","E:\????\??-???\images\278cac43507cce5d04d505d1dc577c94ad92c78f6f2c7913f05ec0bd3c63967a.png"
"SHA256","27A80E39903222893E0867267BBE85CDA6EBCF0D54E856FF1BC5BC0C231C8829","E:\????\??-???\images\27a80e39903222893e0867267bbe85cda6ebcf0d54e856ff1bc5bc0c231c8829.png"
"SHA256","27BC529E13A11F2E625CA28F7D2721682ACC22481BD8A9609309295B2B20D4D8","E:\????\??-???\images\27bc529e13a11f2e625ca28f7d2721682acc22481bd8a9609309295b2b20d4d8.png"
"SHA256","27C2D6B9889AB82C6B68987C0CF60B02ECE7E614F4D02D65CF1E1721BA5D3B47","E:\????\??-???\images\27c2d6b9889ab82c6b68987c0cf60b02ece7e614f4d02d65cf1e1721ba5d3b47.png"
"SHA256","27D3C0E57F470E8480AC626E39207BD6A74A4383429235C6B7AC8B18C8E6B176","E:\????\??-???\images\27d3c0e57f470e8480ac626e39207bd6a74a4383429235c6b7ac8b18c8e6b176.png"
"SHA256","27D93A8937553A1B3854D112415A481037F2D82E9712EB4B6C2A4747516115D4","E:\????\??-???\images\27d93a8937553a1b3854d112415a481037f2d82e9712eb4b6c2a4747516115d4.png"
"SHA256","27F377D14A8DB5E7B50059ADA654249F5FA087D62D4B563CC21AE6C0D2F63199","E:\????\??-???\images\27f377d14a8db5e7b50059ada654249f5fa087d62d4b563cc21ae6c0d2f63199.png"
"SHA256","280DF2B5CB74B17F2DBE0C0C01B69B43DB34369571A32A286123CDD94D3C74E4","E:\????\??-???\images\280df2b5cb74b17f2dbe0c0c01b69b43db34369571a32a286123cdd94d3c74e4.png"
"SHA256","281CEDC93C0963087651D80F4223E99C1160CF9052041DB05F9C37E5EFDC9856","E:\????\??-???\images\281cedc93c0963087651d80f4223e99c1160cf9052041db05f9c37e5efdc9856.png"
"SHA256","285661DB9D488580084442EB6D37398A580AE49ADFB86919AE9A540E01540371","E:\????\??-???\images\285661db9d488580084442eb6d37398a580ae49adfb86919ae9a540e01540371.png"
"SHA256","285D37796C85445F1B6BB4E7857768D64FEB7DF7B5539A73C875A66B5876DBF2","E:\????\??-???\images\285d37796c85445f1b6bb4e7857768d64feb7df7b5539a73c875a66b5876dbf2.png"
"SHA256","2860438ACC991351CC72941D1425EFF6E8A11F3C9186ED00CB5C052DA8106BD7","E:\????\??-???\images\2860438acc991351cc72941d1425eff6e8a11f3c9186ed00cb5c052da8106bd7.png"
"SHA256","28735352F92848AD621BF8E29BB5BB22CB3EA1CDCFE178E840DC4276CF58F0BB","E:\????\??-???\images\28735352f92848ad621bf8e29bb5bb22cb3ea1cdcfe178e840dc4276cf58f0bb.png"
"SHA256","28ACC99E1CF430AEF448B54EC838E965E7705901BDCC9AF8E811B172C0C6255A","E:\????\??-???\images\28acc99e1cf430aef448b54ec838e965e7705901bdcc9af8e811b172c0c6255a.png"
"SHA256","28F2F89E9FBCBFBE85E8A618E56CFE4DF7509D91AF6975DA6C873293068AA747","E:\????\??-???\images\28f2f89e9fbcbfbe85e8a618e56cfe4df7509d91af6975da6c873293068aa747.png"
"SHA256","29609B1C692E30E4A2A4D8AE171819102A844C3CCD08E28264749B4D1B665DB7","E:\????\??-???\images\29609b1c692e30e4a2a4d8ae171819102a844c3ccd08e28264749b4d1b665db7.png"
"SHA256","2974E93FA5836711FE69E2DD854F0E55E9711390F646E5D7BC6DE2606FEAFFFC","E:\????\??-???\images\2974e93fa5836711fe69e2dd854f0e55e9711390f646e5d7bc6de2606feafffc.png"
"SHA256","2992D3C782FCB70A7F5EFE0447A06D2E5659009ED9ADFA280EA1B7F74EDE9FA9","E:\????\??-???\images\2992d3c782fcb70a7f5efe0447a06d2e5659009ed9adfa280ea1b7f74ede9fa9.png"
"SHA256","29948B1FD1524751D069567EFE6313E4D122677F113C64380685C8ED51CBC02B","E:\????\??-???\images\29948b1fd1524751d069567efe6313e4d122677f113c64380685c8ed51cbc02b.png"
"SHA256","29A693885F140790984A54DFD5564BCE5EF543A5E462E3B1F8C35753D84C34AB","E:\????\??-???\images\29a693885f140790984a54dfd5564bce5ef543a5e462e3b1f8c35753d84c34ab.png"
"SHA256","29A70574D2964B000E79045D7BBACD422E26ED1455833B052953B9FA4123B44A","E:\????\??-???\images\29a70574d2964b000e79045d7bbacd422e26ed1455833b052953b9fa4123b44a.png"
"SHA256","29A7BCED5FD25ADD1CCCA883622240E8DB6FF23F05C490E93E02CFAA146758F6","E:\????\??-???\images\29a7bced5fd25add1ccca883622240e8db6ff23f05c490e93e02cfaa146758f6.png"
"SHA256","29D64A795D91A337ACF0A0788D94078993DCF46F30A13E657367C28A96ED568F","E:\????\??-???\images\29d64a795d91a337acf0a0788d94078993dcf46f30a13e657367c28a96ed568f.png"
"SHA256","29D6C38C668E567AEA193F8A8D4F79B1E6FD359E0E6294F309DA0ABD0A5A2A3D","E:\????\??-???\images\29d6c38c668e567aea193f8a8d4f79b1e6fd359e0e6294f309da0abd0a5a2a3d.png"
"SHA256","29EABA1ECC4B0A6B2F9BA486D134BC214778A60E46D3C9208423214CC4B49C3D","E:\????\??-???\images\29eaba1ecc4b0a6b2f9ba486d134bc214778a60e46d3c9208423214cc4b49c3d.png"
"SHA256","2A2ABA3835A27CC4FA0720AC8AF13BB5556C2C85E9673EE1E7A6EBB49A971976","E:\????\??-???\images\2a2aba3835a27cc4fa0720ac8af13bb5556c2c85e9673ee1e7a6ebb49a971976.png"
"SHA256","2A60E7350C4380388BFA8CB67FD0E073DACA84DEDDFEA333BECFA6B2D3A6A6F2","E:\????\??-???\images\2a60e7350c4380388bfa8cb67fd0e073daca84deddfea333becfa6b2d3a6a6f2.png"
"SHA256","2AD2C1204817AD3B3613B9BB34396B07DA8BB1A8D5A04FA17C18A3A3572A4830","E:\????\??-???\images\2ad2c1204817ad3b3613b9bb34396b07da8bb1a8d5a04fa17c18a3a3572a4830.png"
"SHA256","2B247CB37226AC00FCD7D81BA9E5432E66C43D75F16255CA9047ED3F01525E03","E:\????\??-???\images\2b247cb37226ac00fcd7d81ba9e5432e66c43d75f16255ca9047ed3f01525e03.png"
"SHA256","2B7D68184ED8CF81C5880DBAADFB7F54C6C0388D425EA639450E31036B2DC87F","E:\????\??-???\images\2b7d68184ed8cf81c5880dbaadfb7f54c6c0388d425ea639450e31036b2dc87f.png"
"SHA256","2B8F373DCD42139AC73AC417F2C6362909D5000D642D42E8498D06EAC6A7B8FA","E:\????\??-???\images\2b8f373dcd42139ac73ac417f2c6362909d5000d642d42e8498d06eac6a7b8fa.png"
"SHA256","2B9C991E70CE01BFBF5A0845B8E10C744A4204B21D09BA3662C7E8217B09D439","E:\????\??-???\images\2b9c991e70ce01bfbf5a0845b8e10c744a4204b21d09ba3662c7e8217b09d439.png"
"SHA256","2BC59FF47608B88E6FDD3FD10F5BF1A684FA53D422AA1BF9575C1F1CFE22FF25","E:\????\??-???\images\2bc59ff47608b88e6fdd3fd10f5bf1a684fa53d422aa1bf9575c1f1cfe22ff25.png"
"SHA256","2BCCF99D210B4E1D3EAADFCFB9AC5A99C4C2D8749A27B89DB9E7E9F46EE18ECA","E:\????\??-???\images\2bccf99d210b4e1d3eaadfcfb9ac5a99c4c2d8749a27b89db9e7e9f46ee18eca.png"
"SHA256","2C35B2BA27B555933A376F19EE14913236C57912A5244C4BC0F2815B828ADF4E","E:\????\??-???\images\2c35b2ba27b555933a376f19ee14913236c57912a5244c4bc0f2815b828adf4e.png"
"SHA256","2C8DD55149804E99C3A72E5CF3BC6238BCD8B61E2E3B73C2E3550232CB22FBE3","E:\????\??-???\images\2c8dd55149804e99c3a72e5cf3bc6238bcd8b61e2e3b73c2e3550232cb22fbe3.png"
"SHA256","2CA74656F42657CB474C10DDF20598A8F9F3B7F0981CCF9B19D0C157942CE99B","E:\????\??-???\images\2ca74656f42657cb474c10ddf20598a8f9f3b7f0981ccf9b19d0c157942ce99b.png"
"SHA256","2CB1987BB14C077B2FB7A1EA0A497E690453B6A4532794517DAB098C156D85AE","E:\????\??-???\images\2cb1987bb14c077b2fb7a1ea0a497e690453b6a4532794517dab098c156d85ae.png"
"SHA256","2CFCFCC9CAA235427C40223F1F901FE50453F01338F9FED6A555F0AE50112B9B","E:\????\??-???\images\2cfcfcc9caa235427c40223f1f901fe50453f01338f9fed6a555f0ae50112b9b.png"
"SHA256","2D08DADC893A415846B74EFC47144FED69759AA6CAF88F032E74C8080FCFAE01","E:\????\??-???\images\2d08dadc893a415846b74efc47144fed69759aa6caf88f032e74c8080fcfae01.png"
"SHA256","2D0F66CEBBD894E03C2B863DB4F13B2E1B9795794AD4BD94BD323D1ECBF5F756","E:\????\??-???\images\2d0f66cebbd894e03c2b863db4f13b2e1b9795794ad4bd94bd323d1ecbf5f756.png"
"SHA256","2D7B4261FC856E7E925F3D4AFD378DE82318DA444D4AA0A4329EECE0C90CF251","E:\????\??-???\images\2d7b4261fc856e7e925f3d4afd378de82318da444d4aa0a4329eece0c90cf251.png"
"SHA256","2D7DEA248F6EB3EF14BE677E829DFD2523E115F9395C7EEB9A09C517E35E649A","E:\????\??-???\images\2d7dea248f6eb3ef14be677e829dfd2523e115f9395c7eeb9a09c517e35e649a.png"
"SHA256","2D9807C85ECE2A2E1883CF0F1A22080023AB2A9B6221A0207BDF273EB3A123F5","E:\????\??-???\images\2d9807c85ece2a2e1883cf0f1a22080023ab2a9b6221a0207bdf273eb3a123f5.png"
"SHA256","2DB68CF0A245530368C2F396ECE6E96DB87B7C9118C1567D527E1497E38FFAF3","E:\????\??-???\images\2db68cf0a245530368c2f396ece6e96db87b7c9118c1567d527e1497e38ffaf3.png"
"SHA256","2DE0D23F00C4642D9C8DCDAB02799751D74D9E2219E58ED6024E48C859B26083","E:\????\??-???\images\2de0d23f00c4642d9c8dcdab02799751d74d9e2219e58ed6024e48c859b26083.png"
"SHA256","2DF2BFE9BD3985601B6C6FBC08D266F55EA8069DC26C82213D8AC076F66BA421","E:\????\??-???\images\2df2bfe9bd3985601b6c6fbc08d266f55ea8069dc26c82213d8ac076f66ba421.png"
"SHA256","2E1E7D30D4EC6017C545EEB509ACD76717343FE9700B935F001CE1ACA3A977A1","E:\????\??-???\images\2e1e7d30d4ec6017c545eeb509acd76717343fe9700b935f001ce1aca3a977a1.png"
"SHA256","2E2A765CA8FB1052FE17818090482AD5AD6DCF88F7E8E5033AE6D166CA18FDF5","E:\????\??-???\images\2e2a765ca8fb1052fe17818090482ad5ad6dcf88f7e8e5033ae6d166ca18fdf5.png"
"SHA256","2E2D225B8B84C7176C85992B307FF7CBE130324D432738E47FDBC733A78F4933","E:\????\??-???\images\2e2d225b8b84c7176c85992b307ff7cbe130324d432738e47fdbc733a78f4933.png"
"SHA256","2E55580D53CE98E99790FA3AA4C117456C2082876D95456E06357DFC1259A0ED","E:\????\??-???\images\2e55580d53ce98e99790fa3aa4c117456c2082876d95456e06357dfc1259a0ed.png"
"SHA256","2E74C51EB631B88CB34DECF6B61C650882B379209FBC347AB0BC8D5ED5574B12","E:\????\??-???\images\2e74c51eb631b88cb34decf6b61c650882b379209fbc347ab0bc8d5ed5574b12.png"
"SHA256","2E87EE5D7051797291B3F235D35A7F8A264849E079BB5721C115B333A749F2E7","E:\????\??-???\images\2e87ee5d7051797291b3f235d35a7f8a264849e079bb5721c115b333a749f2e7.png"
"SHA256","2EBD0E4F2292ADD897FEB97C65ACF885A0712F6A30F9CB91EC937180EEBE1A8B","E:\????\??-???\images\2ebd0e4f2292add897feb97c65acf885a0712f6a30f9cb91ec937180eebe1a8b.png"
"SHA256","2F59818FF4188BC44D70A045CE6418E4A83E7548FFAC5512226597BF949C25DF","E:\????\??-???\images\2f59818ff4188bc44d70a045ce6418e4a83e7548ffac5512226597bf949c25df.png"
"SHA256","30306C24163D64DE9C7B3A2BA71F3B5227CBDF97BA7061F3CE4FFFD1E0AB6DFC","E:\????\??-???\images\30306c24163d64de9c7b3a2ba71f3b5227cbdf97ba7061f3ce4fffd1e0ab6dfc.png"
"SHA256","3053C9AA6059ACAF7B4C0923F91AC81909830385219DCAC1A99DA0D71850A6CD","E:\????\??-???\images\3053c9aa6059acaf7b4c0923f91ac81909830385219dcac1a99da0d71850a6cd.png"
"SHA256","30D4CD6D02D2DF6C4545171FF9E4A5E3AAF1C1C0FA902D33BD14704C8D94F9EA","E:\????\??-???\images\30d4cd6d02d2df6c4545171ff9e4a5e3aaf1c1c0fa902d33bd14704c8d94f9ea.png"
"SHA256","310AF6F544A37ABCDEA067BBC642196734073510B0136041CAB35BEEC9375D85","E:\????\??-???\images\310af6f544a37abcdea067bbc642196734073510b0136041cab35beec9375d85.png"
"SHA256","31153675B99FE511B44CEBD1D4B1119C773B6FD920E0AA7792DD7743E2184853","E:\????\??-???\images\31153675b99fe511b44cebd1d4b1119c773b6fd920e0aa7792dd7743e2184853.png"
"SHA256","320DB8431BE08E2A026438FCE00A56315A58CE29095CC5B210B24122DE2D295B","E:\????\??-???\images\320db8431be08e2a026438fce00a56315a58ce29095cc5b210b24122de2d295b.png"
"SHA256","3230BE5F4422A18584C6D4B901F126D2216BC62B08C1B3C6F1CA3468F923299B","E:\????\??-???\images\3230be5f4422a18584c6d4b901f126d2216bc62b08c1b3c6f1ca3468f923299b.png"
"SHA256","323ECB91623C49BF3979582DDCD3B2556A44356E4A6E1D7B4BB2D25D1CDBFFBC","E:\????\??-???\images\323ecb91623c49bf3979582ddcd3b2556a44356e4a6e1d7b4bb2d25d1cdbffbc.png"
"SHA256","3283EEE141B9F5989B191B53E00C5BB6E4B482F0977EF93126233520283A041F","E:\????\??-???\images\3283eee141b9f5989b191b53e00c5bb6e4b482f0977ef93126233520283a041f.png"
"SHA256","328F501ADB33567FE1D7A99BC6E3A7B933315B4AB71859967B073585151D1387","E:\????\??-???\images\328f501adb33567fe1d7a99bc6e3a7b933315b4ab71859967b073585151d1387.png"
"SHA256","32D4DDF31ABA5126FD5A47CD9228162C01849DC9749E00F27D9074B7DEDB4A07","E:\????\??-???\images\32d4ddf31aba5126fd5a47cd9228162c01849dc9749e00f27d9074b7dedb4a07.png"
"SHA256","32E604DB471FE137D2EABB5D1FDE2F40006E4E1AFD9EC9CDAE01FC6D547821A3","E:\????\??-???\images\32e604db471fe137d2eabb5d1fde2f40006e4e1afd9ec9cdae01fc6d547821a3.png"
"SHA256","33184970D4F56B51FBAE61D9AABA90907096A9A99A42858C3ACB653E33D491C6","E:\????\??-???\images\33184970d4f56b51fbae61d9aaba90907096a9a99a42858c3acb653e33d491c6.png"
"SHA256","3329A3F92A4990251A355C4593F66E658AFC1FFBCDD8E217D4139DD31B441792","E:\????\??-???\images\3329a3f92a4990251a355c4593f66e658afc1ffbcdd8e217d4139dd31b441792.png"
"SHA256","3357904A608B7CA56AF97B37F3266A35B562287A8D7A8490ED1AB99E2895461E","E:\????\??-???\images\3357904a608b7ca56af97b37f3266a35b562287a8d7a8490ed1ab99e2895461e.png"
"SHA256","335CF58FF2F30835B0EF726FB61A42C397E8955355D86F6E0B861998EB1A1ED1","E:\????\??-???\images\335cf58ff2f30835b0ef726fb61a42c397e8955355d86f6e0b861998eb1a1ed1.png"
"SHA256","3381F2E1CF5BD7047FEB06DB049D9B1242B558E62D40F14940D4C48DE97DF6B1","E:\????\??-???\images\3381f2e1cf5bd7047feb06db049d9b1242b558e62d40f14940d4c48de97df6b1.png"
"SHA256","33CA3FB10114B1EB2785C7E844858C5776AED197AA7EE9700A3FF49C77F92623","E:\????\??-???\images\33ca3fb10114b1eb2785c7e844858c5776aed197aa7ee9700a3ff49c77f92623.png"
"SHA256","33FE77F735BC29ED826F740FF22DA7A9D84FFCAC21E83450BE29259F1351FC99","E:\????\??-???\images\33fe77f735bc29ed826f740ff22da7a9d84ffcac21e83450be29259f1351fc99.png"
"SHA256","343D0B66106E2BA2C6B018B6961CE43FC9BB1E6EA490D56DC7F00E550662D6DB","E:\????\??-???\images\343d0b66106e2ba2c6b018b6961ce43fc9bb1e6ea490d56dc7f00e550662d6db.png"
"SHA256","345351107037425C5BAED3DBF9D31A280B2C48CE28B39DCDB622C5075F1E273B","E:\????\??-???\images\345351107037425c5baed3dbf9d31a280b2c48ce28b39dcdb622c5075f1e273b.png"
"SHA256","34617150AB16B7111FA464134D6369941E418D0DC0AD13A1801A20447516C265","E:\????\??-???\images\34617150ab16b7111fa464134d6369941e418d0dc0ad13a1801a20447516c265.png"
"SHA256","347C88A65FAA0840F44CC32B6B8B810CA97AC5C00DE5B8FC452DC3D7E015EAE5","E:\????\??-???\images\347c88a65faa0840f44cc32b6b8b810ca97ac5c00de5b8fc452dc3d7e015eae5.png"
"SHA256","3519484DD2BFFA190CEA7EF81E316EBB4A22FA86CD79B51DC4144AECD7F9B491","E:\????\??-???\images\3519484dd2bffa190cea7ef81e316ebb4a22fa86cd79b51dc4144aecd7f9b491.png"
"SHA256","3550624EA5934FE1888B7C22C1A8F4EAA7D09ABEDDAEF5C250F81593F214B6D0","E:\????\??-???\images\3550624ea5934fe1888b7c22c1a8f4eaa7d09abeddaef5c250f81593f214b6d0.png"
"SHA256","35FD903C2DA0916779208037EABA8AE811ECFEE7BCA94D22856D5EA23EC5AF51","E:\????\??-???\images\35fd903c2da0916779208037eaba8ae811ecfee7bca94d22856d5ea23ec5af51.png"
"SHA256","35FFE74CC741D1129CEE004048FB0CAE6E8A3FBCD1D30A5B54875B98008A66BD","E:\????\??-???\images\35ffe74cc741d1129cee004048fb0cae6e8a3fbcd1d30a5b54875b98008a66bd.png"
"SHA256","362F8653E2670FB0C0B68532E801DDAEEAC5A4CC8A29E4CE825FA5480791BDC7","E:\????\??-???\images\362f8653e2670fb0c0b68532e801ddaeeac5a4cc8a29e4ce825fa5480791bdc7.png"
"SHA256","36479919BE1C05804EA04955E92B7AB45890AFD760633BD6DDD5F5D80AA01CF4","E:\????\??-???\images\36479919be1c05804ea04955e92b7ab45890afd760633bd6ddd5f5d80aa01cf4.png"
"SHA256","3685E96C5BAE2C7E976141C8DC7A296AFC7D05389ECB87569089AEF87C1753CE","E:\????\??-???\images\3685e96c5bae2c7e976141c8dc7a296afc7d05389ecb87569089aef87c1753ce.png"
"SHA256","3707A5D16A286B81CD095BA0C50229A88385F75FC2C3F0BA2323EBE054638293","E:\????\??-???\images\3707a5d16a286b81cd095ba0c50229a88385f75fc2c3f0ba2323ebe054638293.png"
"SHA256","371A3B0AE0E4B7F2B3E78CE2657EAE84678F917579C42ABBEC014BB84E35A69F","E:\????\??-???\images\371a3b0ae0e4b7f2b3e78ce2657eae84678f917579c42abbec014bb84e35a69f.png"
"SHA256","37346E42225A26BC91011F779500FB2D6FE22619013C13E30B95713CA57CC0E2","E:\????\??-???\images\37346e42225a26bc91011f779500fb2d6fe22619013c13e30b95713ca57cc0e2.png"
"SHA256","37748581E8D88AEBF6D56474C0C83034621423DA6D29EDF039711FFFE6F800DC","E:\????\??-???\images\37748581e8d88aebf6d56474c0c83034621423da6d29edf039711fffe6f800dc.png"
"SHA256","37AB95D483FAD8D19007C0535ED8E78718112AA47A5635A34C8F8B36C4B79352","E:\????\??-???\images\37ab95d483fad8d19007c0535ed8e78718112aa47a5635a34c8f8b36c4b79352.png"
"SHA256","37B6FAB7F22F26A13716EB03D91F0FDE38A1161F537FE077F5E448D3BB94FF8C","E:\????\??-???\images\37b6fab7f22f26a13716eb03d91f0fde38a1161f537fe077f5e448d3bb94ff8c.png"
"SHA256","380DB80EADA59E72668921E111E1673C01CC1FEC97AEB20BF4CC2977BC92BECB","E:\????\??-???\images\380db80eada59e72668921e111e1673c01cc1fec97aeb20bf4cc2977bc92becb.png"
"SHA256","3871E4C48986499D2F812AA546A20C3FE40FC915766C110D776D08F849DFE8EB","E:\????\??-???\images\3871e4c48986499d2f812aa546a20c3fe40fc915766c110d776d08f849dfe8eb.png"
"SHA256","38A36AB46765C39EC126DFC79F6C031242DA82FE54A61D3B8A654E9D73BBF01A","E:\????\??-???\images\38a36ab46765c39ec126dfc79f6c031242da82fe54a61d3b8a654e9d73bbf01a.png"
"SHA256","393AE27601F279B092C15B8E23114F9C5CA24312DF8CEE0EEA185C6E6AFAFD0E","E:\????\??-???\images\393ae27601f279b092c15b8e23114f9c5ca24312df8cee0eea185c6e6afafd0e.png"
"SHA256","39584B1DABC15DA76CD90D51AF914645CD9B92DF6B7D2F076897CA6CF93E9939","E:\????\??-???\images\39584b1dabc15da76cd90d51af914645cd9b92df6b7d2f076897ca6cf93e9939.png"
"SHA256","396C1DF11B65357867F5CE6DC2CE77EFB348BF0E9F54AF1E2DE05C038C3D5D36","E:\????\??-???\images\396c1df11b65357867f5ce6dc2ce77efb348bf0e9f54af1e2de05c038c3d5d36.png"
"SHA256","398B082C4BC5A50626A6EAFC950E46EBFBCB6A9858313DE6F76BB6B553E4A1A8","E:\????\??-???\images\398b082c4bc5a50626a6eafc950e46ebfbcb6a9858313de6f76bb6b553e4a1a8.png"
"SHA256","39AFD8E538E809045C278BEEB87A19250953C51DDA801BB67874E4C4C00494CF","E:\????\??-???\images\39afd8e538e809045c278beeb87a19250953c51dda801bb67874e4c4c00494cf.png"
"SHA256","39D9080122A9D179A780781E3851B141DA458FEAC525E21FDE6236E6F2D1556E","E:\????\??-???\images\39d9080122a9d179a780781e3851b141da458feac525e21fde6236e6f2d1556e.png"
"SHA256","3A2C4B552BE53FFCB0435408F992F59510AC57E803B99E673AC974BFB6C804AF","E:\????\??-???\images\3a2c4b552be53ffcb0435408f992f59510ac57e803b99e673ac974bfb6c804af.png"
"SHA256","3A496E3F2C60BB37005E84EC5EC47C2EE64225FCA0C02111140A42AE5A9B94EB","E:\????\??-???\images\3a496e3f2c60bb37005e84ec5ec47c2ee64225fca0c02111140a42ae5a9b94eb.png"
"SHA256","3A4A9994EF84537BB1B33A7026195FF45CECB4876E6C49BFDF0625DC3AA88B28","E:\????\??-???\images\3a4a9994ef84537bb1b33a7026195ff45cecb4876e6c49bfdf0625dc3aa88b28.png"
"SHA256","3A55C8113DEB4C23777105556228DE6D82115042609AC986B9FFFBAD36DAE8F2","E:\????\??-???\images\3a55c8113deb4c23777105556228de6d82115042609ac986b9fffbad36dae8f2.png"
"SHA256","3A9090528D97C45F3DD71F5AAA64DFA949E7FDA62419B6193159A4721869F127","E:\????\??-???\images\3a9090528d97c45f3dd71f5aaa64dfa949e7fda62419b6193159a4721869f127.png"
"SHA256","3AAAEB545D8E89A603F4DEFE5433A8AC0916B78E9FCC7735A12B71C3198A873C","E:\????\??-???\images\3aaaeb545d8e89a603f4defe5433a8ac0916b78e9fcc7735a12b71c3198a873c.png"
"SHA256","3AD3F9815F3ED77B7A7CFA3F65B48EBEDA92DA53D751BDDAFB0AC22FC21E7F92","E:\????\??-???\images\3ad3f9815f3ed77b7a7cfa3f65b48ebeda92da53d751bddafb0ac22fc21e7f92.png"
"SHA256","3B2822A20AEF8C0DCAD18411382A8282FCDA6EBD87E66754D33718359ADE8402","E:\????\??-???\images\3b2822a20aef8c0dcad18411382a8282fcda6ebd87e66754d33718359ade8402.png"
"SHA256","3B6E60009210DC5E899FD306EA2686EAA2471D426F42DBDBC206C396E678EE59","E:\????\??-???\images\3b6e60009210dc5e899fd306ea2686eaa2471d426f42dbdbc206c396e678ee59.png"
"SHA256","3C057535027D88E6D411EF0E8ACA775F9CE5A20CBC50D777D7AA90AEFEA6EFA0","E:\????\??-???\images\3c057535027d88e6d411ef0e8aca775f9ce5a20cbc50d777d7aa90aefea6efa0.png"
"SHA256","3C0846B20673CB963FD87E9947A0E84A73520850E61E0BCB50334CA8385B9964","E:\????\??-???\images\3c0846b20673cb963fd87e9947a0e84a73520850e61e0bcb50334ca8385b9964.png"
"SHA256","3C4AAC40AECA6C2B60EB3358E18D00B394B95727E84A814AAE4550BDDE14CD93","E:\????\??-???\images\3c4aac40aeca6c2b60eb3358e18d00b394b95727e84a814aae4550bdde14cd93.png"
"SHA256","3C4B4423BB8D8F633415464F7F19A71532E7356729C75D831516CB645D2109D8","E:\????\??-???\images\3c4b4423bb8d8f633415464f7f19a71532e7356729c75d831516cb645d2109d8.png"
"SHA256","3C5CC345C0532CAB8750FA30EC5E588858248DC9880346FCCEFD81438A4022EA","E:\????\??-???\images\3c5cc345c0532cab8750fa30ec5e588858248dc9880346fccefd81438a4022ea.png"
"SHA256","3C731B1719157D9B708AD41B8887F7DCFD624541C5060834A54BA9532A2FB28D","E:\????\??-???\images\3c731b1719157d9b708ad41b8887f7dcfd624541c5060834a54ba9532a2fb28d.png"
"SHA256","3C7B557D281A4A4156831206B528C7346F598AEBC9D5B1EEE0AC32C5EC3B7199","E:\????\??-???\images\3c7b557d281a4a4156831206b528c7346f598aebc9d5b1eee0ac32c5ec3b7199.png"
"SHA256","3CBCF1B64B146FE7EC6BAC18074EBB02C7DEAD7D11ABDB7D78C417D634D22945","E:\????\??-???\images\3cbcf1b64b146fe7ec6bac18074ebb02c7dead7d11abdb7d78c417d634d22945.png"
"SHA256","3D1E44596BAD8B07266F5404503912B790A4C460CA016F363DB58EDB60D42040","E:\????\??-???\images\3d1e44596bad8b07266f5404503912b790a4c460ca016f363db58edb60d42040.png"
"SHA256","3D4B4C9D613CA1100FBC3B81016C8770BF903483D749EFE50C7C15131B956AC0","E:\????\??-???\images\3d4b4c9d613ca1100fbc3b81016c8770bf903483d749efe50c7c15131b956ac0.png"
"SHA256","3D4E05AC1FD7AE4FB60AA0402B886AF3B656F0B0E0F3B914B3DB24C6430E2045","E:\????\??-???\images\3d4e05ac1fd7ae4fb60aa0402b886af3b656f0b0e0f3b914b3db24c6430e2045.png"
"SHA256","3D613B80B3FC8AA8CEC7267B8698941383A703BAE3CC93FE6F6C6ABC50F123D1","E:\????\??-???\images\3d613b80b3fc8aa8cec7267b8698941383a703bae3cc93fe6f6c6abc50f123d1.png"
"SHA256","3D6715D4CAF3ADE970F12BB2DA7FF9FE0B91649DA6863EF25B7A858C8429E4A4","E:\????\??-???\images\3d6715d4caf3ade970f12bb2da7ff9fe0b91649da6863ef25b7a858c8429e4a4.png"
"SHA256","3D7723967A078DE677A0452CE755402821A20F16D6AE1DF75B416A2D483E5B40","E:\????\??-???\images\3d7723967a078de677a0452ce755402821a20f16d6ae1df75b416a2d483e5b40.png"
"SHA256","3DB783F494C45287FC0BAB13A4E0F35E27ABF9D2B65A909B0087BAF5610AD4E6","E:\????\??-???\images\3db783f494c45287fc0bab13a4e0f35e27abf9d2b65a909b0087baf5610ad4e6.png"
"SHA256","3DE6FC4B91DCC6C5D06568685088A3CAEAE14537A843D1F3E6378E4475A9A243","E:\????\??-???\images\3de6fc4b91dcc6c5d06568685088a3caeae14537a843d1f3e6378e4475a9a243.png"
"SHA256","3DFEA0BB3CDDD2D0B9466F9717807C3D4283F4E99FAF004005B67635BB1B857C","E:\????\??-???\images\3dfea0bb3cddd2d0b9466f9717807c3d4283f4e99faf004005b67635bb1b857c.png"
"SHA256","3E0A418CE27C497776B3C15DE798D22268C3BC9E78C5B200DE5ECD4B737D2849","E:\????\??-???\images\3e0a418ce27c497776b3c15de798d22268c3bc9e78c5b200de5ecd4b737d2849.png"
"SHA256","3E3A2099395AB231DA3A17CDD73BE572363DA7014922A86F3DDE4462AEA560E0","E:\????\??-???\images\3e3a2099395ab231da3a17cdd73be572363da7014922a86f3dde4462aea560e0.png"
"SHA256","3E3AED9F94509A6FB100E5E52F3721EC204C3AACEF91A8B372744981EA2417A0","E:\????\??-???\images\3e3aed9f94509a6fb100e5e52f3721ec204c3aacef91a8b372744981ea2417a0.png"
"SHA256","3ECDF9BBB690BCD77B9BD302B4AEF70A71B977C47727CCD46C4E768CDD419543","E:\????\??-???\images\3ecdf9bbb690bcd77b9bd302b4aef70a71b977c47727ccd46c4e768cdd419543.png"
"SHA256","3EE6812F9349205641D5F485A0DE3C5285B14AB5F987C931013E0E87FA298CEB","E:\????\??-???\images\3ee6812f9349205641d5f485a0de3c5285b14ab5f987c931013e0e87fa298ceb.png"
"SHA256","3EF31895B2B55F67BB9E6A4EB3970AAC8991AD0FFD48EF8D53A8528B10F3F9A8","E:\????\??-???\images\3ef31895b2b55f67bb9e6a4eb3970aac8991ad0ffd48ef8d53a8528b10f3f9a8.png"
"SHA256","3EFE240E6B6DAFAE93B64B401F9186FE79AC2EFAA752AB837358284177558510","E:\????\??-???\images\3efe240e6b6dafae93b64b401f9186fe79ac2efaa752ab837358284177558510.png"
"SHA256","3F12008FB6E4B2E1B69B14CFFE2169D87FF5D7CB5B18323236FC8D7665DF5E4A","E:\????\??-???\images\3f12008fb6e4b2e1b69b14cffe2169d87ff5d7cb5b18323236fc8d7665df5e4a.png"
"SHA256","3F355FAC3370677DDC0E9D1E7AEA04C985EB2850FE9ABCA714BFB90D77057248","E:\????\??-???\images\3f355fac3370677ddc0e9d1e7aea04c985eb2850fe9abca714bfb90d77057248.png"
"SHA256","3F601C84A8B07657301BEB4AA56CA5BA4BC26FD4C312DE0F8BF72CE9E7F1EC93","E:\????\??-???\images\3f601c84a8b07657301beb4aa56ca5ba4bc26fd4c312de0f8bf72ce9e7f1ec93.png"
"SHA256","3FF30CCC27D65CF89403C9834A486FF2FE103D0BAA90978058BFD0CC7BB84FBD","E:\????\??-???\images\3ff30ccc27d65cf89403c9834a486ff2fe103d0baa90978058bfd0cc7bb84fbd.png"
"SHA256","4031039A68EC2157A02E91D849824F9E31B26BA16EEB5DD8EC89D7B22285521D","E:\????\??-???\images\4031039a68ec2157a02e91d849824f9e31b26ba16eeb5dd8ec89d7b22285521d.png"
"SHA256","40416B55464D5F6F6A725E3B7D3F83603C53288FEE2E3427A629DCAF1C63A77B","E:\????\??-???\images\40416b55464d5f6f6a725e3b7d3f83603c53288fee2e3427a629dcaf1c63a77b.png"
"SHA256","404B828E60B20A0D7DED6FDF48BCD563A4D1F873F870889349693E91FA47376E","E:\????\??-???\images\404b828e60b20a0d7ded6fdf48bcd563a4d1f873f870889349693e91fa47376e.png"
"SHA256","40CA9D34C168E6F5FA141DD9385A0A0755AFC3160D86E9E3D2D5736B510988AE","E:\????\??-???\images\40ca9d34c168e6f5fa141dd9385a0a0755afc3160d86e9e3d2d5736b510988ae.png"
"SHA256","40E97C0BE550828737249629E306B6ADDAA70B0CB8A0DAB48256182D90A904D2","E:\????\??-???\images\40e97c0be550828737249629e306b6addaa70b0cb8a0dab48256182d90a904d2.png"
"SHA256","4101E982F8F3C8433C69F613A7937F02A4BE91D526FDB2444BE4FA1E6DC0CC6D","E:\????\??-???\images\4101e982f8f3c8433c69f613a7937f02a4be91d526fdb2444be4fa1e6dc0cc6d.png"
"SHA256","4108598BE178B1BEDFD7B0015A3107540C3204B154D0EB2BB58F3B016339C9D9","E:\????\??-???\images\4108598be178b1bedfd7b0015a3107540c3204b154d0eb2bb58f3b016339c9d9.png"
"SHA256","410E2BE26DB985F2AAAE5800C2AFE8BB3733EADAE80AB8E5FFA790B0D1091D20","E:\????\??-???\images\410e2be26db985f2aaae5800c2afe8bb3733eadae80ab8e5ffa790b0d1091d20.png"
"SHA256","410F02CC1A9E71C41E22EA3BBD9C2648B3CED268E3E35D2FB9D092D47601E0D4","E:\????\??-???\images\410f02cc1a9e71c41e22ea3bbd9c2648b3ced268e3e35d2fb9d092d47601e0d4.png"
"SHA256","412FE64E3386E81BA5701D27D11C2C3CA0E746C7BE546CEE2D9B28A1B6B06960","E:\????\??-???\images\412fe64e3386e81ba5701d27d11c2c3ca0e746c7be546cee2d9b28a1b6b06960.png"
"SHA256","416251D346AFAE842DEA79545A2345D5F93B65C7F6EC7D4A3D68452B73C648F0","E:\????\??-???\images\416251d346afae842dea79545a2345d5f93b65c7f6ec7d4a3d68452b73c648f0.png"
"SHA256","41698B8AD26B074B2A7E85AF0D49326477B00929029A07A5BC9AD227DE1139DC","E:\????\??-???\images\41698b8ad26b074b2a7e85af0d49326477b00929029a07a5bc9ad227de1139dc.png"
"SHA256","41E3A068B027504A9FE3E28D86E4B2F093C2B30A5475E1972C9A0A8E853B6C0F","E:\????\??-???\images\41e3a068b027504a9fe3e28d86e4b2f093c2b30a5475e1972c9a0a8e853b6c0f.png"
"SHA256","42117FD66EC195F23E5FB4CFCE387168FE5644FEA1AE32A33D4701C3ADD84B17","E:\????\??-???\images\42117fd66ec195f23e5fb4cfce387168fe5644fea1ae32a33d4701c3add84b17.png"
"SHA256","422EA94B65E8F755AC18236567F902FBB698E06C89D280F8DFBA966986FF7F43","E:\????\??-???\images\422ea94b65e8f755ac18236567f902fbb698e06c89d280f8dfba966986ff7f43.png"
"SHA256","4239A32E3777F024529DFB10473820D755F760B9FC32E603B5AE8B0D7AE43D3A","E:\????\??-???\images\4239a32e3777f024529dfb10473820d755f760b9fc32e603b5ae8b0d7ae43d3a.png"
"SHA256","42A18BE822783D0B4A4825084C932C3C0896CF1F5C655FF3B5BFCC8C244E3E7A","E:\????\??-???\images\42a18be822783d0b4a4825084c932c3c0896cf1f5c655ff3b5bfcc8c244e3e7a.png"
"SHA256","431A16643BAE1ADA6EC69E3D5C1E14D83784A39030CC1F0A785C7B22B3645612","E:\????\??-???\images\431a16643bae1ada6ec69e3d5c1e14d83784a39030cc1f0a785c7b22b3645612.png"
"SHA256","4359BFD763A62A9E02A1D1BD6CED0FF5F9613D37EEF80CAFDC33D07A4515C116","E:\????\??-???\images\4359bfd763a62a9e02a1d1bd6ced0ff5f9613d37eef80cafdc33d07a4515c116.png"
"SHA256","43816B53060D841ACE23DB4F9C7903AE3F99A8BE081792B273215DAB73A1B5C3","E:\????\??-???\images\43816b53060d841ace23db4f9c7903ae3f99a8be081792b273215dab73a1b5c3.png"
"SHA256","4383AE2E4A1996A4C95E8CDB3AB4A4366F271E775F7F2D2A230C34A177022674","E:\????\??-???\images\4383ae2e4a1996a4c95e8cdb3ab4a4366f271e775f7f2d2a230c34a177022674.png"
"SHA256","43A7A6DDD5E9D084CD216C0FC5D70BE05D2A6828F5777954B7F6A23B7EEC7890","E:\????\??-???\images\43a7a6ddd5e9d084cd216c0fc5d70be05d2a6828f5777954b7f6a23b7eec7890.png"
"SHA256","43A9212FC69FAAA6FFAAD9416871935C8A55D067DAB1CFB8B5A88ED2D4080ED9","E:\????\??-???\images\43a9212fc69faaa6ffaad9416871935c8a55d067dab1cfb8b5a88ed2d4080ed9.png"
"SHA256","43AA2D8D2C7AD50A43F2F07C4D9C9CCF9099C0A7EE996757267F5F4184BF6882","E:\????\??-???\images\43aa2d8d2c7ad50a43f2f07c4d9c9ccf9099c0a7ee996757267f5f4184bf6882.png"
"SHA256","43B603FFFDFA30638FC25E56AE2D167E9B8BED1176D0C53AF30DC4AB7A74C09B","E:\????\??-???\images\43b603fffdfa30638fc25e56ae2d167e9b8bed1176d0c53af30dc4ab7a74c09b.png"
"SHA256","442DA8C8B587B8B2734BB855BEE9DBB9F766067015B8BF58BF1B8DE9D8F44682","E:\????\??-???\images\442da8c8b587b8b2734bb855bee9dbb9f766067015b8bf58bf1b8de9d8f44682.png"
"SHA256","44F08F500A681A22585652402E949A8529ACF11CB93C07577DE0B96BF49FEBC5","E:\????\??-???\images\44f08f500a681a22585652402e949a8529acf11cb93c07577de0b96bf49febc5.png"
"SHA256","450E82B880339A1E70EEFC3CE56CB8BA7217A58C421313228F65CE7255BDC63B","E:\????\??-???\images\450e82b880339a1e70eefc3ce56cb8ba7217a58c421313228f65ce7255bdc63b.png"
"SHA256","452B8D3A1D37AE33A9960EF32A36BE13ADACDC498260ADC88DB0FA7A25DF51EE","E:\????\??-???\images\452b8d3a1d37ae33a9960ef32a36be13adacdc498260adc88db0fa7a25df51ee.png"
"SHA256","453A4ADFD2E81DB9463FBB76A15611FC17182B9FF2BDBC7F742C921D6BBC3F41","E:\????\??-???\images\453a4adfd2e81db9463fbb76a15611fc17182b9ff2bdbc7f742c921d6bbc3f41.png"
"SHA256","454077EFA9DD86BC1D652AFA9898898CCEFA06FBC46296DA6EE4C1BA72F43767","E:\????\??-???\images\454077efa9dd86bc1d652afa9898898ccefa06fbc46296da6ee4c1ba72f43767.png"
"SHA256","457677BD8EF9CFB4BF5A7915A6E249FE4F796E18254E3B3AD0E98D59E1640A4B","E:\????\??-???\images\457677bd8ef9cfb4bf5a7915a6e249fe4f796e18254e3b3ad0e98d59e1640a4b.png"
"SHA256","459424DAA42713CBA587F7856468C92EE9CF81409D67F5FC6C51633260389CFA","E:\????\??-???\images\459424daa42713cba587f7856468c92ee9cf81409d67f5fc6c51633260389cfa.png"
"SHA256","45D9E021B0BE3DAC8F483F2700133A134268909725C6AB4605CBF4F414644B14","E:\????\??-???\images\45d9e021b0be3dac8f483f2700133a134268909725c6ab4605cbf4f414644b14.png"
"SHA256","45E2CEECDE4F44D309E2B36A945D05996E493CBCEBE4103087F3A0C7046AA659","E:\????\??-???\images\45e2ceecde4f44d309e2b36a945d05996e493cbcebe4103087f3a0c7046aa659.png"
"SHA256","464EA1104D6BCD0DB076AB1EA61095A2E4E3B40B60FC5F228EB73D41A5556786","E:\????\??-???\images\464ea1104d6bcd0db076ab1ea61095a2e4e3b40b60fc5f228eb73d41a5556786.png"
"SHA256","464FD0AB2EE415837B72415E5F43C3D62488C8DBF60AE9DC5BF13325D1E91E23","E:\????\??-???\images\464fd0ab2ee415837b72415e5f43c3d62488c8dbf60ae9dc5bf13325d1e91e23.png"
"SHA256","465E9EDEB8AD05D25478DEFF928A9C4BB2BB312089868E239ED30F6793CB709D","E:\????\??-???\images\465e9edeb8ad05d25478deff928a9c4bb2bb312089868e239ed30f6793cb709d.png"
"SHA256","469E776BF4B7BE5A0AC77FDD06B943D4C12E1BE237BC22D5704113F3CEAD6C54","E:\????\??-???\images\469e776bf4b7be5a0ac77fdd06b943d4c12e1be237bc22d5704113f3cead6c54.png"
"SHA256","472F963E43B5920D9703E474337612AB503D212DBC04D84792A548F06392E5AF","E:\????\??-???\images\472f963e43b5920d9703e474337612ab503d212dbc04d84792a548f06392e5af.png"
"SHA256","472FFF14884378F5252FC7EFF1D3473AE813F6BE10EBADA2830C4C639D01A4F2","E:\????\??-???\images\472fff14884378f5252fc7eff1d3473ae813f6be10ebada2830c4c639d01a4f2.png"
"SHA256","47574E3CA05E7BBC46950A39BFC6BE2E44E062463BED2887AD95C1D01D40F119","E:\????\??-???\images\47574e3ca05e7bbc46950a39bfc6be2e44e062463bed2887ad95c1d01d40f119.png"
"SHA256","47619F8F31AD0BF7C12413D60E29EB0FF1096741E8EB27CEC0ACDBA2742C53F7","E:\????\??-???\images\47619f8f31ad0bf7c12413d60e29eb0ff1096741e8eb27cec0acdba2742c53f7.png"
"SHA256","47A45AFE3BC532F4BAEABB4897377404BC46D1E9E146D75DCB884B57201F91A0","E:\????\??-???\images\47a45afe3bc532f4baeabb4897377404bc46d1e9e146d75dcb884b57201f91a0.png"
"SHA256","47BE5FEBF49EAD1EA1E6059924F09DF03CE19886EE28593AF9ABC65C9C0ED47E","E:\????\??-???\images\47be5febf49ead1ea1e6059924f09df03ce19886ee28593af9abc65c9c0ed47e.png"
"SHA256","47D639E1F6AE8BE681D03D15227BECD21E6459D33AEFF7690BB20225E6D9DBDE","E:\????\??-???\images\47d639e1f6ae8be681d03d15227becd21e6459d33aeff7690bb20225e6d9dbde.png"
"SHA256","4819B2B097E441A9FD61DE8C1629840C421C8C088E1B1EA03F4A3697FFD1E978","E:\????\??-???\images\4819b2b097e441a9fd61de8c1629840c421c8c088e1b1ea03f4a3697ffd1e978.png"
"SHA256","48212886D5D5BF653D7EFDCC1DA27C2304CE71E7E1D2D440EEE89EC586EEA4A1","E:\????\??-???\images\48212886d5d5bf653d7efdcc1da27c2304ce71e7e1d2d440eee89ec586eea4a1.png"
"SHA256","492D91E6A405C7636AC8AC4A44666EA581F91E3A06DAEE15BA469153A28754C9","E:\????\??-???\images\492d91e6a405c7636ac8ac4a44666ea581f91e3a06daee15ba469153a28754c9.png"
"SHA256","4931E11583193B60F4A03AB3E891BEF63479DC8858616959E26FC28B65A2906E","E:\????\??-???\images\4931e11583193b60f4a03ab3e891bef63479dc8858616959e26fc28b65a2906e.png"
"SHA256","49798E08443B87406AFC011ECD7B6839B321B908E9F5953D71EB2959B20F5029","E:\????\??-???\images\49798e08443b87406afc011ecd7b6839b321b908e9f5953d71eb2959b20f5029.png"
"SHA256","49BA7331C9C4248264E8CE04AFF44AE631C491FE440D117CB0C3B9C7CB4BDD08","E:\????\??-???\images\49ba7331c9c4248264e8ce04aff44ae631c491fe440d117cb0c3b9c7cb4bdd08.png"
"SHA256","49C446A2EEC5B4B3448EABBE4BA695DA2F9692DF23C7D17249504E98B361CF4B","E:\????\??-???\images\49c446a2eec5b4b3448eabbe4ba695da2f9692df23c7d17249504e98b361cf4b.png"
"SHA256","49F31BA097A0B8DAE9D36D283F1B6A641CE57626715F8BA48CB642FB128BFB7C","E:\????\??-???\images\49f31ba097a0b8dae9d36d283f1b6a641ce57626715f8ba48cb642fb128bfb7c.png"
"SHA256","4A2C76E7BA7BEAD2DE422DB01C3290C5DD351BCB75F45AE666E9B8F8C4B37FA3","E:\????\??-???\images\4a2c76e7ba7bead2de422db01c3290c5dd351bcb75f45ae666e9b8f8c4b37fa3.png"
"SHA256","4A6F1AC07462EA7C5364B26183468891253AC1867C6E363CADD5C1922CA71A13","E:\????\??-???\images\4a6f1ac07462ea7c5364b26183468891253ac1867c6e363cadd5c1922ca71a13.png"
"SHA256","4ADC7E96F28AA9AD254497F25D3AFEB2FEEAEE04A8C3D32793F37BF4B00E8188","E:\????\??-???\images\4adc7e96f28aa9ad254497f25d3afeb2feeaee04a8c3d32793f37bf4b00e8188.png"
"SHA256","4AE934F2265B91DFB676453A6F6C93A382E3816B6232D0BE294BDE89BBE0371C","E:\????\??-???\images\4ae934f2265b91dfb676453a6f6c93a382e3816b6232d0be294bde89bbe0371c.png"
"SHA256","4B07827255134A7A29B4F1F928B3110016C01EDD32002F82A565A9C707C3CF0B","E:\????\??-???\images\4b07827255134a7a29b4f1f928b3110016c01edd32002f82a565a9c707c3cf0b.png"
"SHA256","4BA4469F17308B9CF321BFA780B306766E5382A04CA1F6B6DC4B0DE3EB395AFB","E:\????\??-???\images\4ba4469f17308b9cf321bfa780b306766e5382a04ca1f6b6dc4b0de3eb395afb.png"
"SHA256","4C28319045170D5B6383CD97F44EA878F560C01B3A27FCD0DCF075D29DE50C76","E:\????\??-???\images\4c28319045170d5b6383cd97f44ea878f560c01b3a27fcd0dcf075d29de50c76.png"
"SHA256","4C72F2D4689279DFF3A8199699FA0DD83B76155C008ECB2DFD5F2BC3F7A8C8FB","E:\????\??-???\images\4c72f2d4689279dff3a8199699fa0dd83b76155c008ecb2dfd5f2bc3f7a8c8fb.png"
"SHA256","4CA921D62935B8CF3383B6A5CE38E2F701BE93402CBA7C1CBF8865192AE51C58","E:\????\??-???\images\4ca921d62935b8cf3383b6a5ce38e2f701be93402cba7c1cbf8865192ae51c58.png"
"SHA256","4CB7F4923E5CC6C226FF0EEB2ABE0531767E562A8BE57FBAD1BA4444504DCFEA","E:\????\??-???\images\4cb7f4923e5cc6c226ff0eeb2abe0531767e562a8be57fbad1ba4444504dcfea.png"
"SHA256","4CE421B946337754C337D15D50A86822558334229A489A4DCABE833E5062D17D","E:\????\??-???\images\4ce421b946337754c337d15d50a86822558334229a489a4dcabe833e5062d17d.png"
"SHA256","4D1B6EAF3695C1653AFEDB77DF4F2529ACF32E1C89F0F5C9A66BC2ED76727D7C","E:\????\??-???\images\4d1b6eaf3695c1653afedb77df4f2529acf32e1c89f0f5c9a66bc2ed76727d7c.png"
"SHA256","4D246F845F48AA80EE26141C272A1FAFFAA92AC1FFFCA93734C3F7563DC7C859","E:\????\??-???\images\4d246f845f48aa80ee26141c272a1faffaa92ac1fffca93734c3f7563dc7c859.png"
"SHA256","4D3A3ABFB435CAB62F039E4D8FC2258E08B3DF6D4CAD9950A7C2E594464C5DF1","E:\????\??-???\images\4d3a3abfb435cab62f039e4d8fc2258e08b3df6d4cad9950a7c2e594464c5df1.png"
"SHA256","4D4E1FAF69957025036DCB1473AAB1AD4D4643016BCD04DCB25D9F0321E0E246","E:\????\??-???\images\4d4e1faf69957025036dcb1473aab1ad4d4643016bcd04dcb25d9f0321e0e246.png"
"SHA256","4D5C07B0222CFEF7A90DA6F558C0E88A0A8650FBC5902D8E65F190E1FAFF02DA","E:\????\??-???\images\4d5c07b0222cfef7a90da6f558c0e88a0a8650fbc5902d8e65f190e1faff02da.png"
"SHA256","4D6E7FBE68300E1BB3855ACA9819D6801C4B2CDF7674727EC382D2205B5D41F3","E:\????\??-???\images\4d6e7fbe68300e1bb3855aca9819d6801c4b2cdf7674727ec382d2205b5d41f3.png"
"SHA256","4D8B1DCA94A5B7607970D3B6FB85064CDC8F663F6E3CBD69975743E487AFC07B","E:\????\??-???\images\4d8b1dca94a5b7607970d3b6fb85064cdc8f663f6e3cbd69975743e487afc07b.png"
"SHA256","4DB19FFA7269E3FA7C47C28219DC5150EF50117D4D187CA5EF1D01DCABF50D1E","E:\????\??-???\images\4db19ffa7269e3fa7c47c28219dc5150ef50117d4d187ca5ef1d01dcabf50d1e.png"
"SHA256","4E078DC96AA0D74AC37870D7887BC16BF09E605D77D6326A81D6A8B67BB6BA59","E:\????\??-???\images\4e078dc96aa0d74ac37870d7887bc16bf09e605d77d6326a81d6a8b67bb6ba59.png"
"SHA256","4E2C2529D9BDFB44611CA4CC1E0DFC5148567CC15B7F405800A7703F5EA014E8","E:\????\??-???\images\4e2c2529d9bdfb44611ca4cc1e0dfc5148567cc15b7f405800a7703f5ea014e8.png"
"SHA256","4E92E9AFA485D313D4560AC1ED5DA5DF04542C7A655AB8C1A6FAACD5162ECBA7","E:\????\??-???\images\4e92e9afa485d313d4560ac1ed5da5df04542c7a655ab8c1a6faacd5162ecba7.png"
"SHA256","4E97CC3D1AAC4D7796930CEC0D5A23FAD90360C896D8B446C86649E9FFDBFAB7","E:\????\??-???\images\4e97cc3d1aac4d7796930cec0d5a23fad90360c896d8b446c86649e9ffdbfab7.png"
"SHA256","4EC714854ECAEA503DB57787EA8A13D2FF6B6E2A456098D3587235040D7BC405","E:\????\??-???\images\4ec714854ecaea503db57787ea8a13d2ff6b6e2a456098d3587235040d7bc405.png"
"SHA256","4F2FFF0A673A374E0081AA6F0E25BB5CA8F7FB288ACBD12F608E54DCB34CE8BF","E:\????\??-???\images\4f2fff0a673a374e0081aa6f0e25bb5ca8f7fb288acbd12f608e54dcb34ce8bf.png"
"SHA256","4F4807E50FD5353379CDED26DA4247F316610C793556A3409FFA83CDF9DD114F","E:\????\??-???\images\4f4807e50fd5353379cded26da4247f316610c793556a3409ffa83cdf9dd114f.png"
"SHA256","4F5D1180325F85FC1C2D8B5D9EA0B7069FB5AFF02CC2ED041C4095F62836D343","E:\????\??-???\images\4f5d1180325f85fc1c2d8b5d9ea0b7069fb5aff02cc2ed041c4095f62836d343.png"
"SHA256","4F5FB6ABE69C5CFB1E02DB7CE0FB76096913220B48701A4D5470B8C16A785E11","E:\????\??-???\images\4f5fb6abe69c5cfb1e02db7ce0fb76096913220b48701a4d5470b8c16a785e11.png"
"SHA256","4F6AFD608B4AC8243FE100A02BE525CC75DD2168F4EA8BCAEFA3E007E756CE45","E:\????\??-???\images\4f6afd608b4ac8243fe100a02be525cc75dd2168f4ea8bcaefa3e007e756ce45.png"
"SHA256","4FD26421EFE98F0AE5FAD5582CEFF2CA73603051A1F7F6383A0576545C7B7841","E:\????\??-???\images\4fd26421efe98f0ae5fad5582ceff2ca73603051a1f7f6383a0576545c7b7841.png"
"SHA256","4FE971F1E0327ABED3A3934B312BBE239AC2AB265E22EFC6F8779F2876753507","E:\????\??-???\images\4fe971f1e0327abed3a3934b312bbe239ac2ab265e22efc6f8779f2876753507.png"
"SHA256","50120AD87D1304FDBA7C9F41B17D70FAAB3764CEA09C6CF98D212C17997F193E","E:\????\??-???\images\50120ad87d1304fdba7c9f41b17d70faab3764cea09c6cf98d212c17997f193e.png"
"SHA256","503A69CAE5CF60B734687A966839FA1F04C3DE807C77F1E68EF071EECE88496A","E:\????\??-???\images\503a69cae5cf60b734687a966839fa1f04c3de807c77f1e68ef071eece88496a.png"
"SHA256","5050D6059278AEE3366AD3156CC046EC2C6DF2E8C0BBB4CC5231CC4444330AF3","E:\????\??-???\images\5050d6059278aee3366ad3156cc046ec2c6df2e8c0bbb4cc5231cc4444330af3.png"
"SHA256","505E3B1BEF9D02D508D8DBA0CA07E1850E481D88E02C4F3E1FF7CE57331DBEB3","E:\????\??-???\images\505e3b1bef9d02d508d8dba0ca07e1850e481d88e02c4f3e1ff7ce57331dbeb3.png"
"SHA256","507B7DA0CDB6BDB02F3EA67C12E4172B044CB061AED7FDEDBC667444718CE542","E:\????\??-???\images\507b7da0cdb6bdb02f3ea67c12e4172b044cb061aed7fdedbc667444718ce542.png"
"SHA256","509E1559874AF12608D66B1C530F192060F745D65E54D4E0BD69961ED887BCD6","E:\????\??-???\images\509e1559874af12608d66b1c530f192060f745d65e54d4e0bd69961ed887bcd6.png"
"SHA256","50A380D682003E6DA179EAF268EFD07E351B2647C484B08E44B60B68A229492A","E:\????\??-???\images\50a380d682003e6da179eaf268efd07e351b2647c484b08e44b60b68a229492a.png"
"SHA256","50B14CC233F460537168FC80F70C52338AF20B872AE83B3298D331FA1DDB0EA6","E:\????\??-???\images\50b14cc233f460537168fc80f70c52338af20b872ae83b3298d331fa1ddb0ea6.png"
"SHA256","50B74127C552A5965835F781851902782D7E2394AA181A38544E4EBE7803645E","E:\????\??-???\images\50b74127c552a5965835f781851902782d7e2394aa181a38544e4ebe7803645e.png"
"SHA256","50D156AA00EAD62768BE8376759F631E2FB529F80F736862E36F82C72C54EC11","E:\????\??-???\images\50d156aa00ead62768be8376759f631e2fb529f80f736862e36f82c72c54ec11.png"
"SHA256","50EE4A34774326E351980AA8A62DFAE3854EBD5342A31BFFF27A410DC39109D9","E:\????\??-???\images\50ee4a34774326e351980aa8a62dfae3854ebd5342a31bfff27a410dc39109d9.png"
"SHA256","5118AFBEA5428E4E4415846FCB0405A4680B164B1E0450A6E6B10453576EEDA7","E:\????\??-???\images\5118afbea5428e4e4415846fcb0405a4680b164b1e0450a6e6b10453576eeda7.png"
"SHA256","51286E2583B2D5FF480CD103034227A6955A25A54BDBC4EF3EEFBB4A565CE049","E:\????\??-???\images\51286e2583b2d5ff480cd103034227a6955a25a54bdbc4ef3eefbb4a565ce049.png"
"SHA256","51A8EE320E9D44EDFCFB8AF2488404406023F6DBBD0A462606D65EB1D8EFEC10","E:\????\??-???\images\51a8ee320e9d44edfcfb8af2488404406023f6dbbd0a462606d65eb1d8efec10.png"
"SHA256","51ACF8F57E5E2B03AA1EBAAD6BD370A16C75DB43F245BDA447365AE2F214EA70","E:\????\??-???\images\51acf8f57e5e2b03aa1ebaad6bd370a16c75db43f245bda447365ae2f214ea70.png"
"SHA256","51BACCDC710374B6EAAEDCD7E0172E17E342C609144C4B958E3FE5288D5F82FC","E:\????\??-???\images\51baccdc710374b6eaaedcd7e0172e17e342c609144c4b958e3fe5288d5f82fc.png"
"SHA256","51C332DBBD45B119307A0373377FB4704BCAA330CD153AE5C47730F37BD490AC","E:\????\??-???\images\51c332dbbd45b119307a0373377fb4704bcaa330cd153ae5c47730f37bd490ac.png"
"SHA256","5234285AA546AFA8C056FA83AF244081D23363359657DBDEC2D838819D2F1636","E:\????\??-???\images\5234285aa546afa8c056fa83af244081d23363359657dbdec2d838819d2f1636.png"
"SHA256","52521D057A4F23B14331BA2F307205EABD76603800718875A07F126D0CEABDF1","E:\????\??-???\images\52521d057a4f23b14331ba2f307205eabd76603800718875a07f126d0ceabdf1.png"
"SHA256","527C9B39254750D72194B1DBE59C743F03244E2E058A8591FFBA7194526200C9","E:\????\??-???\images\527c9b39254750d72194b1dbe59c743f03244e2e058a8591ffba7194526200c9.png"
"SHA256","52BDAB764BE96792A2C8DCF5370FB498C49865EF80199C9900DA7439F98C5C66","E:\????\??-???\images\52bdab764be96792a2c8dcf5370fb498c49865ef80199c9900da7439f98c5c66.png"
"SHA256","5304A42901465464983E7E66A8BC1143F1BE424BE7F8ABAC01AE98BD9EEAB2CF","E:\????\??-???\images\5304a42901465464983e7e66a8bc1143f1be424be7f8abac01ae98bd9eeab2cf.png"
"SHA256","53237070AF3861FA188CFC31F4AAEFEBC996AF5C82001FFEEEBD67A466CD2216","E:\????\??-???\images\53237070af3861fa188cfc31f4aaefebc996af5c82001ffeeebd67a466cd2216.png"
"SHA256","532FA6E061DB99F1345CDE2185ECC8C874B16DC76EA8A547AFFF9693BB14E1A3","E:\????\??-???\images\532fa6e061db99f1345cde2185ecc8c874b16dc76ea8a547afff9693bb14e1a3.png"
"SHA256","5338C2889C7ACCA623E5AD51FD5CA56442415A9897858AABA8AC4E81B3877D9C","E:\????\??-???\images\5338c2889c7acca623e5ad51fd5ca56442415a9897858aaba8ac4e81b3877d9c.png"
"SHA256","533A708EFD566B27C6C5CF5B7360033E81BE1979EFE40601BF1B92CA6223F596","E:\????\??-???\images\533a708efd566b27c6c5cf5b7360033e81be1979efe40601bf1b92ca6223f596.png"
"SHA256","5351503F0AFF6BAE17459982655A0EC468E9C5681CBC7F4323977C8F9D316CBB","E:\????\??-???\images\5351503f0aff6bae17459982655a0ec468e9c5681cbc7f4323977c8f9d316cbb.png"
"SHA256","53D609C61200E988AA27A3B5087956A49F0A17C824846039321F0D52648C13D9","E:\????\??-???\images\53d609c61200e988aa27a3b5087956a49f0a17c824846039321f0d52648c13d9.png"
"SHA256","546BE77D215EDEB84047716431B911D07BAF3582CF270F87DF800C17322B0361","E:\????\??-???\images\546be77d215edeb84047716431b911d07baf3582cf270f87df800c17322b0361.png"
"SHA256","5470199E24A627C8B4F8F7A399CBA5BD4D52C7C9CD20F6FFD4EC10FE468CCD9B","E:\????\??-???\images\5470199e24a627c8b4f8f7a399cba5bd4d52c7c9cd20f6ffd4ec10fe468ccd9b.png"
"SHA256","548EDE82C3C1C46DEBD55BE3F22A45795BE25678B368BF8A38C6D6A890B0CF75","E:\????\??-???\images\548ede82c3c1c46debd55be3f22a45795be25678b368bf8a38c6d6a890b0cf75.png"
"SHA256","55221FBC26965CAB86CB3D10F95F446DA2D91C84F1B79CD7AD53150DA203DDA9","E:\????\??-???\images\55221fbc26965cab86cb3d10f95f446da2d91c84f1b79cd7ad53150da203dda9.png"
"SHA256","553C63D7C732841CF885D007152F641238C38479AECE92A3C9C233965A08091D","E:\????\??-???\images\553c63d7c732841cf885d007152f641238c38479aece92a3c9c233965a08091d.png"
"SHA256","559717EBB643394DBAF92BC60F22FA25D623402EE4DAA26222A43BCA7785B3BA","E:\????\??-???\images\559717ebb643394dbaf92bc60f22fa25d623402ee4daa26222a43bca7785b3ba.png"
"SHA256","55C85E91D3E3CC1D839DDE12FE7B6F671199FC9A1C0318390D03D0D6B04E3FAF","E:\????\??-???\images\55c85e91d3e3cc1d839dde12fe7b6f671199fc9a1c0318390d03d0d6b04e3faf.png"
"SHA256","55E1CDFE9C0923570C3EC298037E52E81344B0DFD5E504C647DD006C0C275C0F","E:\????\??-???\images\55e1cdfe9c0923570c3ec298037e52e81344b0dfd5e504c647dd006c0c275c0f.png"
"SHA256","561DC8D875E2D38A40D2237C9DC4323EE19A522E0EC2309BA4186A1E97214979","E:\????\??-???\images\561dc8d875e2d38a40d2237c9dc4323ee19a522e0ec2309ba4186a1e97214979.png"
"SHA256","5624DF9F4FF46D5DEF5E6F7F1649A4C37636E7ACDD6130EC0E4D12D89EAA4BA2","E:\????\??-???\images\5624df9f4ff46d5def5e6f7f1649a4c37636e7acdd6130ec0e4d12d89eaa4ba2.png"
"SHA256","5630FBAFD84D5103FD08EC8906D7C52FFE693837CC2FB034CE7D02F65181E649","E:\????\??-???\images\5630fbafd84d5103fd08ec8906d7c52ffe693837cc2fb034ce7d02f65181e649.png"
"SHA256","56A6D54ABA1266019214DF210DB62938982D0243B36B32AF860FE100BD54F0F5","E:\????\??-???\images\56a6d54aba1266019214df210db62938982d0243b36b32af860fe100bd54f0f5.png"
"SHA256","56DF6AFE0A3F2EA2F0CC5E65A1E2FA476F2136FC8F1C8EF2D84A75546096F36C","E:\????\??-???\images\56df6afe0a3f2ea2f0cc5e65a1e2fa476f2136fc8f1c8ef2d84a75546096f36c.png"
"SHA256","570B126F0258095750097C1B49CBF0A5317E448D480264CAF2240457BE63995E","E:\????\??-???\images\570b126f0258095750097c1b49cbf0a5317e448d480264caf2240457be63995e.png"
"SHA256","5731ED28AD032AB7367534B7A9A517D93CFA92C2F426333049291ADD36350E4F","E:\????\??-???\images\5731ed28ad032ab7367534b7a9a517d93cfa92c2f426333049291add36350e4f.png"
"SHA256","573BC00AE74E0F7F55998C8F80793100AA4BE910A97FEA6B193EA070FA75CFEE","E:\????\??-???\images\573bc00ae74e0f7f55998c8f80793100aa4be910a97fea6b193ea070fa75cfee.png"
"SHA256","5743207158F8EFB3D4C1433E07F301881B6F1893CA9D483B77C351F28531D5FA","E:\????\??-???\images\5743207158f8efb3d4c1433e07f301881b6f1893ca9d483b77c351f28531d5fa.png"
"SHA256","576C18B0781025C55A06FAEE959FBFFA7E86B69D0CF83397D28E2B7138DDB443","E:\????\??-???\images\576c18b0781025c55a06faee959fbffa7e86b69d0cf83397d28e2b7138ddb443.png"
"SHA256","577A87A5D27BCC780E68B4C14A7C66F27D525839C6611DA2F3A1AED6A8FDBD45","E:\????\??-???\images\577a87a5d27bcc780e68b4c14a7c66f27d525839c6611da2f3a1aed6a8fdbd45.png"
"SHA256","580E40F053430122D36252F53EB084429EF0BDE86FA2AA22D309CF77AD384C49","E:\????\??-???\images\580e40f053430122d36252f53eb084429ef0bde86fa2aa22d309cf77ad384c49.png"
"SHA256","5889C9A9B654BE16CA1462D5B37F2FBAE62DF3CB93E7DE4D73734361A4A9C13E","E:\????\??-???\images\5889c9a9b654be16ca1462d5b37f2fbae62df3cb93e7de4d73734361a4a9c13e.png"
"SHA256","58B0476C1E93CA83EAD1400A6CA44CB443A5039F9D7B25C2CAE3BC77E8B35B58","E:\????\??-???\images\58b0476c1e93ca83ead1400a6ca44cb443a5039f9d7b25c2cae3bc77e8b35b58.png"
"SHA256","590E57C23DE2482C6C3D81E6DB8E7898615A9DD4055778E64628FD8DFC76E5FA","E:\????\??-???\images\590e57c23de2482c6c3d81e6db8e7898615a9dd4055778e64628fd8dfc76e5fa.png"
"SHA256","5942BECA6C195774D5AA6A0F5BE41D8711FF9C8E985D8BA88C2DC315BF911B54","E:\????\??-???\images\5942beca6c195774d5aa6a0f5be41d8711ff9c8e985d8ba88c2dc315bf911b54.png"
"SHA256","5954DCA159178EEF3132674A6549730A82DDA6755BBE244639C6C97475775D89","E:\????\??-???\images\5954dca159178eef3132674a6549730a82dda6755bbe244639c6c97475775d89.png"
"SHA256","5991BB3180904C46F2EBF87EE29AF7CD16BE56D663E036957AB92AE68A89BC85","E:\????\??-???\images\5991bb3180904c46f2ebf87ee29af7cd16be56d663e036957ab92ae68a89bc85.png"
"SHA256","5A3BE6EC31A48988B419784E84CB15E9A50BE7B74B503B05972FB053502F6455","E:\????\??-???\images\5a3be6ec31a48988b419784e84cb15e9a50be7b74b503b05972fb053502f6455.png"
"SHA256","5A8E35DAB29BFC2AA2D7E4D1EA4EE03F83020AC1B5AD54C965959C78455C392A","E:\????\??-???\images\5a8e35dab29bfc2aa2d7e4d1ea4ee03f83020ac1b5ad54c965959c78455c392a.png"
"SHA256","5AB8CD650A696B569FFA30F955E3CC740939523E71980E494A6ABAB8E9EA5AB5","E:\????\??-???\images\5ab8cd650a696b569ffa30f955e3cc740939523e71980e494a6abab8e9ea5ab5.png"
"SHA256","5B2F4CD076534EA73D01711125877057EEB72D3E163E59FE8D3892D9880548AD","E:\????\??-???\images\5b2f4cd076534ea73d01711125877057eeb72d3e163e59fe8d3892d9880548ad.png"
"SHA256","5C9C0AFC2FFFDC683027980DDB512FB3B05D0149774240AB38FE782D71195B1E","E:\????\??-???\images\5c9c0afc2fffdc683027980ddb512fb3b05d0149774240ab38fe782d71195b1e.png"
"SHA256","5D27B967900E43CDBD0BDADDD8349C4F8A9D9565EE38EDCEF7558CEF0BD22536","E:\????\??-???\images\5d27b967900e43cdbd0bdaddd8349c4f8a9d9565ee38edcef7558cef0bd22536.png"
"SHA256","5D398A5C49B57A1DB4ACC6AAD79C339452FDA8D535DB9316E3E8F3E21C515B18","E:\????\??-???\images\5d398a5c49b57a1db4acc6aad79c339452fda8d535db9316e3e8f3e21c515b18.png"
"SHA256","5D57E404EC4FDED766FA17346A10A462CF9801506A9E8BA6F60052945508BDAD","E:\????\??-???\images\5d57e404ec4fded766fa17346a10a462cf9801506a9e8ba6f60052945508bdad.png"
"SHA256","5E2110F7B332B5468B11FBA76CB31C5749470781C1072913B2A7490E958C7EA9","E:\????\??-???\images\5e2110f7b332b5468b11fba76cb31c5749470781c1072913b2a7490e958c7ea9.png"
"SHA256","5E280ADE0B75E094F1BFDC341F40B0B6D1147EC0685D506FB574A867D93BD5A6","E:\????\??-???\images\5e280ade0b75e094f1bfdc341f40b0b6d1147ec0685d506fb574a867d93bd5a6.png"
"SHA256","5F5B09A05C704A7963A43BFA2BB230F27A2081048168A60B3769943AD4C8E925","E:\????\??-???\images\5f5b09a05c704a7963a43bfa2bb230f27a2081048168a60b3769943ad4c8e925.png"
"SHA256","5F5DA5E0AD5A786410262EF8997BDD43AE9F6A82C67631C1EB657CDA7A6463AB","E:\????\??-???\images\5f5da5e0ad5a786410262ef8997bdd43ae9f6a82c67631c1eb657cda7a6463ab.png"
"SHA256","5F81C49769DE8675ADC1AB4A8ADB3DA90EBDB8977D775240E3735D723DA14291","E:\????\??-???\images\5f81c49769de8675adc1ab4a8adb3da90ebdb8977d775240e3735d723da14291.png"
"SHA256","5FFEE7B9F5C63E7497814773B1AB45DF2942A13598254F752284B2DD6488277E","E:\????\??-???\images\5ffee7b9f5c63e7497814773b1ab45df2942a13598254f752284b2dd6488277e.png"
"SHA256","6022608B548769ED1FF72784146F802D2E6E4D4FBDDD5F3B54713C0090ED3388","E:\????\??-???\images\6022608b548769ed1ff72784146f802d2e6e4d4fbddd5f3b54713c0090ed3388.png"
"SHA256","604B8E5A6D25C193659F7BEFA8C9D935881A3377A488494C88F41C8F9F7EC566","E:\????\??-???\images\604b8e5a6d25c193659f7befa8c9d935881a3377a488494c88f41c8f9f7ec566.png"
"SHA256","60C9B9B04409E2B20EE7BCD3813B5A115701E95A722652719794757402C5D565","E:\????\??-???\images\60c9b9b04409e2b20ee7bcd3813b5a115701e95a722652719794757402c5d565.png"
"SHA256","60CB41FCA7F27F92DA63771F6FE5BCF813F7EFC7AF60443B1C6EA74216130760","E:\????\??-???\images\60cb41fca7f27f92da63771f6fe5bcf813f7efc7af60443b1c6ea74216130760.png"
"SHA256","60F3FEEA2BAC317E06E9FF44D66B0A5730E26CB397C5618EA88819B02C12C42F","E:\????\??-???\images\60f3feea2bac317e06e9ff44d66b0a5730e26cb397c5618ea88819b02c12c42f.png"
"SHA256","60F4A4614B63D67E523B3CA4B3A6E1AD6025A3F7547BB0807153EE45208FA046","E:\????\??-???\images\60f4a4614b63d67e523b3ca4b3a6e1ad6025a3f7547bb0807153ee45208fa046.png"
"SHA256","61193B4956B9AAA13126C138A49879AF58F3289593D7A43F924C07B769C1FF4F","E:\????\??-???\images\61193b4956b9aaa13126c138a49879af58f3289593d7a43f924c07b769c1ff4f.png"
"SHA256","619B1D95AD388026C9558ED70C144DA4113CD6296D791CC08350707BA9719116","E:\????\??-???\images\619b1d95ad388026c9558ed70c144da4113cd6296d791cc08350707ba9719116.png"
"SHA256","61BC53037549B57C679E963BFD1020140533FB1E1F6892B1B311E723E4F05522","E:\????\??-???\images\61bc53037549b57c679e963bfd1020140533fb1e1f6892b1b311e723e4f05522.png"
"SHA256","6218946FA2C3EDED2EF262184EF3215E05CD0E08A816A9EB28AF7BD7308F74BB","E:\????\??-???\images\6218946fa2c3eded2ef262184ef3215e05cd0e08a816a9eb28af7bd7308f74bb.png"
"SHA256","62DEE4DA5916FEAF9B267C98B830F666CC94F0181592FDE898B524BB3300F56F","E:\????\??-???\images\62dee4da5916feaf9b267c98b830f666cc94f0181592fde898b524bb3300f56f.png"
"SHA256","631E7579142A15721E44647F160241D80EDCFEFD159A092E849E795281F1594C","E:\????\??-???\images\631e7579142a15721e44647f160241d80edcfefd159a092e849e795281f1594c.png"
"SHA256","6391A8852EDE9DA55D18909C7857BFBAC3CE2AF6DD348561A82B54A2377EB2DC","E:\????\??-???\images\6391a8852ede9da55d18909c7857bfbac3ce2af6dd348561a82b54a2377eb2dc.png"
"SHA256","63B06597582CD753075CE9E60F4756A1F1AC40D6648CAB30BF617A20986964E8","E:\????\??-???\images\63b06597582cd753075ce9e60f4756a1f1ac40d6648cab30bf617a20986964e8.png"
"SHA256","63B9F5DB897C6457C5D99D87BCE935838763F137072842C2693636057D2EB283","E:\????\??-???\images\63b9f5db897c6457c5d99d87bce935838763f137072842c2693636057d2eb283.png"
"SHA256","64310F69762F28CD9FC452F3B58EB19D7324BDD5B65C76B6E87255850936532E","E:\????\??-???\images\64310f69762f28cd9fc452f3b58eb19d7324bdd5b65c76b6e87255850936532e.png"
"SHA256","644D1A18DEC083A413CDE93C4F2FC35AD5E764A36D0CD07ECB767DFA6B5F126A","E:\????\??-???\images\644d1a18dec083a413cde93c4f2fc35ad5e764a36d0cd07ecb767dfa6b5f126a.png"
"SHA256","6450F25E14C98788955662A9A28625B915CD1D189D54BA1CD3A46D822F80D7CC","E:\????\??-???\images\6450f25e14c98788955662a9a28625b915cd1d189d54ba1cd3a46d822f80d7cc.png"
"SHA256","6466228E3C5616BD277D75A3F143036BA8D7ACE7E87CECACCE3C392F5F5E989D","E:\????\??-???\images\6466228e3c5616bd277d75a3f143036ba8d7ace7e87cecacce3c392f5f5e989d.png"
"SHA256","6484D4450E710F6F47703D21897E16D4FF2B02D8DAB7E735FFF61BD8663D792F","E:\????\??-???\images\6484d4450e710f6f47703d21897e16d4ff2b02d8dab7e735fff61bd8663d792f.png"
"SHA256","64B928FAA64320BA944E446087E3D91186B51389F9B8D8BE145238EB013277C8","E:\????\??-???\images\64b928faa64320ba944e446087e3d91186b51389f9b8d8be145238eb013277c8.png"
"SHA256","64DD63058DFA8D5C426828B3A1EFC3BD696C953357C390E882024101CB9195C2","E:\????\??-???\images\64dd63058dfa8d5c426828b3a1efc3bd696c953357c390e882024101cb9195c2.png"
"SHA256","64F7BE941180E737577D45C2AD584591F1F2E16174CB24DF052587BE3ED907F5","E:\????\??-???\images\64f7be941180e737577d45c2ad584591f1f2e16174cb24df052587be3ed907f5.png"
"SHA256","6521A21FE47C479D898EC79AE1712903A8F67141D3E15B9D8461FD6829FB2251","E:\????\??-???\images\6521a21fe47c479d898ec79ae1712903a8f67141d3e15b9d8461fd6829fb2251.png"
"SHA256","65C8E611D5270C8F98FA7105806E37FB9A23530C0A33B20830C7D4401FA6172F","E:\????\??-???\images\65c8e611d5270c8f98fa7105806e37fb9a23530c0a33b20830c7d4401fa6172f.png"
"SHA256","65F22FA0AB3DC3766CEF82D232E7EE8E210C999E6BA47DFD9B6D2EF2171E36D5","E:\????\??-???\images\65f22fa0ab3dc3766cef82d232e7ee8e210c999e6ba47dfd9b6d2ef2171e36d5.png"
"SHA256","65FBF26B36D2A6A67833589E5A257EBBA3FE7963E1B6250E8BF3A9B69D9ED3AD","E:\????\??-???\images\65fbf26b36d2a6a67833589e5a257ebba3fe7963e1b6250e8bf3a9b69d9ed3ad.png"
"SHA256","66041DF40B7D82A26331F2AA831DA023147FB40B2756FD7A81EF5AA5A640C8C2","E:\????\??-???\images\66041df40b7d82a26331f2aa831da023147fb40b2756fd7a81ef5aa5a640c8c2.png"
"SHA256","66047584C6BB8FBBD5807A38A8097868E5C1B7A7A5B38415FDC4A0948459BBC9","E:\????\??-???\images\66047584c6bb8fbbd5807a38a8097868e5c1b7a7a5b38415fdc4a0948459bbc9.png"
"SHA256","661F0F1D4BFE2003E76BE5CCBAC049EE460C8508A41889E2422774A91E747367","E:\????\??-???\images\661f0f1d4bfe2003e76be5ccbac049ee460c8508a41889e2422774a91e747367.png"
"SHA256","663E771848CD773FEA46012015C0F0B9ED2B9F7AA8B8B713B978658C1FFF7281","E:\????\??-???\images\663e771848cd773fea46012015c0f0b9ed2b9f7aa8b8b713b978658c1fff7281.png"
"SHA256","665F008322A7D16B6837DAF12DE65FE436FD63D0C2F1B66519BC2E31D3ABAE2B","E:\????\??-???\images\665f008322a7d16b6837daf12de65fe436fd63d0c2f1b66519bc2e31d3abae2b.png"
"SHA256","66D13FC1061A8DC26CC5E7D7E8BFAEC4E86019B156524AC4CEAB793E516C40D0","E:\????\??-???\images\66d13fc1061a8dc26cc5e7d7e8bfaec4e86019b156524ac4ceab793e516c40d0.png"
"SHA256","66F56EC6819B484007877A2757894EE707D7A0D20EB9272D74F0FDF98BE8E0FB","E:\????\??-???\images\66f56ec6819b484007877a2757894ee707d7a0d20eb9272d74f0fdf98be8e0fb.png"
"SHA256","6750F7112BA4C5723188AB4F2485B675138A5DCBAEE3FF89C186109A456239E6","E:\????\??-???\images\6750f7112ba4c5723188ab4f2485b675138a5dcbaee3ff89c186109a456239e6.png"
"SHA256","678CDCC9048419CEEC80BF365A68F76DE184FFDAD9A6563EC1D58AD250738DCA","E:\????\??-???\images\678cdcc9048419ceec80bf365a68f76de184ffdad9a6563ec1d58ad250738dca.png"
"SHA256","679A58AD9484D1C2B97D97584AE6A0F62B65B551AD9E271B89252A14EDEBECC4","E:\????\??-???\images\679a58ad9484d1c2b97d97584ae6a0f62b65b551ad9e271b89252a14edebecc4.png"
"SHA256","67BCD072C131D8ABFC5EE3B88EF0A562E1D7E66492CE30AA3BBF455944E23F25","E:\????\??-???\images\67bcd072c131d8abfc5ee3b88ef0a562e1d7e66492ce30aa3bbf455944e23f25.png"
"SHA256","67C264A2D6ADBAC7D11CB78E2B038CC3EF5659BE647BF2C20C7347838500F6C0","E:\????\??-???\images\67c264a2d6adbac7d11cb78e2b038cc3ef5659be647bf2c20c7347838500f6c0.png"
"SHA256","692597B4B2A2E499B04172F71E47B96876999628CE958BD29104442AAB96E62D","E:\????\??-???\images\692597b4b2a2e499b04172f71e47b96876999628ce958bd29104442aab96e62d.png"
"SHA256","6939D0759270053A71EAC591A288B11B5A341DFDD68E56869F91D767780D509A","E:\????\??-???\images\6939d0759270053a71eac591a288b11b5a341dfdd68e56869f91d767780d509a.png"
"SHA256","696BD18CBAAA641B8DCBE0A3E05E192EE3F1B393ECE56FA18C9916B3924E4D3D","E:\????\??-???\images\696bd18cbaaa641b8dcbe0a3e05e192ee3f1b393ece56fa18c9916b3924e4d3d.png"
"SHA256","69796E4406E3AEA4AA94B2076575DA84103EE1AC5DAFCEE2B9E217C2260D040D","E:\????\??-???\images\69796e4406e3aea4aa94b2076575da84103ee1ac5dafcee2b9e217c2260d040d.png"
"SHA256","699E42A931F6362152020AC7F045D0DFF0EF6DDB9D6D0F0D4D3F7C707025CA7A","E:\????\??-???\images\699e42a931f6362152020ac7f045d0dff0ef6ddb9d6d0f0d4d3f7c707025ca7a.png"
"SHA256","69D3C06D5EF0B8D94530531036C5929DDA63084CB09016D16BE0CE928CBD6D39","E:\????\??-???\images\69d3c06d5ef0b8d94530531036c5929dda63084cb09016d16be0ce928cbd6d39.png"
"SHA256","6A020AA28867627386ED26A84A4D9C5BE21B58127D52D5F9AC3411AAE1328E1C","E:\????\??-???\images\6a020aa28867627386ed26a84a4d9c5be21b58127d52d5f9ac3411aae1328e1c.png"
"SHA256","6A235C4A797612F0FFA9A1F7FC66DDA8618F84B4CF7532101B7A61CBF606DFFC","E:\????\??-???\images\6a235c4a797612f0ffa9a1f7fc66dda8618f84b4cf7532101b7a61cbf606dffc.png"
"SHA256","6A42199426B3123D52478CAC11A9B16F5CB8ABC45571EED5A321B0066EE7A066","E:\????\??-???\images\6a42199426b3123d52478cac11a9b16f5cb8abc45571eed5a321b0066ee7a066.png"
"SHA256","6A5714B1D4753A7AC961DDCB1CAA4DF5C88DC38EC6BDDA65ED82BFE8395217DD","E:\????\??-???\images\6a5714b1d4753a7ac961ddcb1caa4df5c88dc38ec6bdda65ed82bfe8395217dd.png"
"SHA256","6A9302229B261A0370862A370587F30CAC75F4F81E752070663B82BD62DD0500","E:\????\??-???\images\6a9302229b261a0370862a370587f30cac75f4f81e752070663b82bd62dd0500.png"
"SHA256","6AA1E20D4C1247D1EB0CFF44A6DB0A1B9C2C7D92B7FD02088EE13E91E15FFB83","E:\????\??-???\images\6aa1e20d4c1247d1eb0cff44a6db0a1b9c2c7d92b7fd02088ee13e91e15ffb83.png"
"SHA256","6AA74B032C50893D4574C57CE119776030BD6ABC5BCF8EC3D981252721729FD3","E:\????\??-???\images\6aa74b032c50893d4574c57ce119776030bd6abc5bcf8ec3d981252721729fd3.png"
"SHA256","6AAFD6C4F3EEE2815D30D8A780C2B181662BAEAA294A77A17D3FF78A78A58E1D","E:\????\??-???\images\6aafd6c4f3eee2815d30d8a780c2b181662baeaa294a77a17d3ff78a78a58e1d.png"
"SHA256","6AC3BFE2E8A0554FA16361AF238A8284D3896DD7B8D0C294A9AC5F8770C297BE","E:\????\??-???\images\6ac3bfe2e8a0554fa16361af238a8284d3896dd7b8d0c294a9ac5f8770c297be.png"
"SHA256","6AE8E98546B621C132E9AA6BC0ABF70EBB2D5EAA55398C7F688D44D8F9012966","E:\????\??-???\images\6ae8e98546b621c132e9aa6bc0abf70ebb2d5eaa55398c7f688d44d8f9012966.png"
"SHA256","6B347A0B9FD574B9E097042A8A9572D699D17A005D17373592BA8E170CB3E95B","E:\????\??-???\images\6b347a0b9fd574b9e097042a8a9572d699d17a005d17373592ba8e170cb3e95b.png"
"SHA256","6B780CE87F88568569F6D03FD2364B2E7B30E72B5691630E90DFEB465CB42ECD","E:\????\??-???\images\6b780ce87f88568569f6d03fd2364b2e7b30e72b5691630e90dfeb465cb42ecd.png"
"SHA256","6B7AC97DEED31143ED1644E7190E46045E93633AD92110DE602B424CFE429F02","E:\????\??-???\images\6b7ac97deed31143ed1644e7190e46045e93633ad92110de602b424cfe429f02.png"
"SHA256","6BAFF10C47A7FF547BF9F28167D49F0EA211C9B1D48690B644FA4AA46A6C8BF0","E:\????\??-???\images\6baff10c47a7ff547bf9f28167d49f0ea211c9b1d48690b644fa4aa46a6c8bf0.png"
"SHA256","6C19C63CF0124489E775DF8C35586B7F77B5C323C14E03B0D03400E4BCC3D675","E:\????\??-???\images\6c19c63cf0124489e775df8c35586b7f77b5c323c14e03b0d03400e4bcc3d675.png"
"SHA256","6C1EB55C055A275393F4E5F55FAE579E489C0717855A678B2B212CB94881356A","E:\????\??-???\images\6c1eb55c055a275393f4e5f55fae579e489c0717855a678b2b212cb94881356a.png"
"SHA256","6C34E88C3F6E57EF391162A9851FC747B4D8FEBC69E23F8700599A8E8CD761B7","E:\????\??-???\images\6c34e88c3f6e57ef391162a9851fc747b4d8febc69e23f8700599a8e8cd761b7.png"
"SHA256","6C861B3FF7AE7FB1FBA44C114B310CA221B2D5C95C5795448E4AADD533CE079A","E:\????\??-???\images\6c861b3ff7ae7fb1fba44c114b310ca221b2d5c95c5795448e4aadd533ce079a.png"
"SHA256","6CB4670C98C7C96A4AAE5A973078A29D47ADC8ED6F30A0FFF324A9D425E140EF","E:\????\??-???\images\6cb4670c98c7c96a4aae5a973078a29d47adc8ed6f30a0fff324a9d425e140ef.png"
"SHA256","6D247B981B5766EBF1974485B12C27FF285BA0E32F9CB812AF0FB17E16EF5D1C","E:\????\??-???\images\6d247b981b5766ebf1974485b12c27ff285ba0e32f9cb812af0fb17e16ef5d1c.png"
"SHA256","6D27E63DDEC58B299A3B893EE48A887C5D7C9ACDD747794330B8F1BB0DB6E2D6","E:\????\??-???\images\6d27e63ddec58b299a3b893ee48a887c5d7c9acdd747794330b8f1bb0db6e2d6.png"
"SHA256","6D5F6570AFA205AACF3C385E11A915996B4689DFADC6BC900212CA566363C6C2","E:\????\??-???\images\6d5f6570afa205aacf3c385e11a915996b4689dfadc6bc900212ca566363c6c2.png"
"SHA256","6D9750B42391C8A3C6EC4AD952E0A844F40594BCA45B5711B6A1CF76D1F9DAB9","E:\????\??-???\images\6d9750b42391c8a3c6ec4ad952e0a844f40594bca45b5711b6a1cf76d1f9dab9.png"
"SHA256","6DEDCE45D743B822CB9D7368474EBB428CD3BAA7FB6E2860FE0125D6568CA530","E:\????\??-???\images\6dedce45d743b822cb9d7368474ebb428cd3baa7fb6e2860fe0125d6568ca530.png"
"SHA256","6E4584BF0127CF2387400224C1DD896CAC5C3AE4ABA37E40AA907EEC71857DE8","E:\????\??-???\images\6e4584bf0127cf2387400224c1dd896cac5c3ae4aba37e40aa907eec71857de8.png"
"SHA256","6E7F2CB7B91818221E32533E1AD0BC14FAC4205A27708221833291F88582CDDF","E:\????\??-???\images\6e7f2cb7b91818221e32533e1ad0bc14fac4205a27708221833291f88582cddf.png"
"SHA256","6E8C18E84E7B4D43F63A63E0059144EEC18296744F1647626E07205DE189C90E","E:\????\??-???\images\6e8c18e84e7b4d43f63a63e0059144eec18296744f1647626e07205de189c90e.png"
"SHA256","6E8E7B871C1D1B50ED0B611EB32425EC28B4B83573D06888B6A4484642DE3AD6","E:\????\??-???\images\6e8e7b871c1d1b50ed0b611eb32425ec28b4b83573d06888b6a4484642de3ad6.png"
"SHA256","6EFBA31D147AD2C6947F7A4D5D1468E696EA454A5E4825FDFD6629AD069133E1","E:\????\??-???\images\6efba31d147ad2c6947f7a4d5d1468e696ea454a5e4825fdfd6629ad069133e1.png"
"SHA256","6F0314C7C2F8CA6A399919D5F8B6686804051FE436B7F3292B17C4C7B720892B","E:\????\??-???\images\6f0314c7c2f8ca6a399919d5f8b6686804051fe436b7f3292b17c4c7b720892b.png"
"SHA256","6F0D8245F99DECD55FB38E62FB08C599D637DDD1F70F7E1178B9FDDE72B8BDC3","E:\????\??-???\images\6f0d8245f99decd55fb38e62fb08c599d637ddd1f70f7e1178b9fdde72b8bdc3.png"
"SHA256","6F18FB1F72ECAE0DFB46EE9ECBC2A141052F46734C5C4F78E7722EB54450BCA5","E:\????\??-???\images\6f18fb1f72ecae0dfb46ee9ecbc2a141052f46734c5c4f78e7722eb54450bca5.png"
"SHA256","6F476D58B76B0648744D6CCB4B3165FDE1B9D275109EB6B071A8B10793B38437","E:\????\??-???\images\6f476d58b76b0648744d6ccb4b3165fde1b9d275109eb6b071a8b10793b38437.png"
"SHA256","70D35D0FA23F2B7A80A9C14B114107740E82FAF5E6651CBB3A8C7FA98B401E33","E:\????\??-???\images\70d35d0fa23f2b7a80a9c14b114107740e82faf5e6651cbb3a8c7fa98b401e33.png"
"SHA256","7111755206E5C4C84756A9889EB5B391E87A6B6F9F43EBA308E63A1019924E61","E:\????\??-???\images\7111755206e5c4c84756a9889eb5b391e87a6b6f9f43eba308e63a1019924e61.png"
"SHA256","71AA2B337FFDBD8CFA42FCB37B6D4055185E9D5978D5520B83FF03D1FE65795D","E:\????\??-???\images\71aa2b337ffdbd8cfa42fcb37b6d4055185e9d5978d5520b83ff03d1fe65795d.png"
"SHA256","71EBF25125B77F8FB43AD01C1C59AA206CEB34BD7B77277F5D3AAC9C90FC1103","E:\????\??-???\images\71ebf25125b77f8fb43ad01c1c59aa206ceb34bd7b77277f5d3aac9c90fc1103.png"
"SHA256","7244ACAE4A7A92346975F9D338A6F1BB0CE240D65EE8DD53F338EB43F6EE784B","E:\????\??-???\images\7244acae4a7a92346975f9d338a6f1bb0ce240d65ee8dd53f338eb43f6ee784b.png"
"SHA256","7288A06E14CDC1B242F4F8614F490C3CA3E5C0ADF1A19D7641112A1CD625EF2A","E:\????\??-???\images\7288a06e14cdc1b242f4f8614f490c3ca3e5c0adf1a19d7641112a1cd625ef2a.png"
"SHA256","729CE8A7D6873E4AAA6DC952DFBFCA0211FC4E0AA7C9030FDC4DB67582CB575E","E:\????\??-???\images\729ce8a7d6873e4aaa6dc952dfbfca0211fc4e0aa7c9030fdc4db67582cb575e.png"
"SHA256","72DA4672F69D1ABFA3DF55C4550B0BE7757D6B698C8E818D1171BB827A91C783","E:\????\??-???\images\72da4672f69d1abfa3df55c4550b0be7757d6b698c8e818d1171bb827a91c783.png"
"SHA256","72E2E6CAC58221EC7DC517D81C8E7513D24E4654EF96A9CB14F45D0BCCD81DA2","E:\????\??-???\images\72e2e6cac58221ec7dc517d81c8e7513d24e4654ef96a9cb14f45d0bccd81da2.png"
"SHA256","732EE32C9EB65B394044876E18F7B9C9014F4A85CB599CF9F53A0355175B35E2","E:\????\??-???\images\732ee32c9eb65b394044876e18f7b9c9014f4a85cb599cf9f53a0355175b35e2.png"
"SHA256","7369E089E56B91EACAC35DF0DA6DFA1749579041EC8A3C7C7B03725766DE76D4","E:\????\??-???\images\7369e089e56b91eacac35df0da6dfa1749579041ec8a3c7c7b03725766de76d4.png"
"SHA256","736CDC22F487DCB49359F9782735234F0C00136DB25B47274225FEAC752B8750","E:\????\??-???\images\736cdc22f487dcb49359f9782735234f0c00136db25b47274225feac752b8750.png"
"SHA256","7378CBF4E0DA4049DC7EFA17139FB2B2531BA0DBCA92B903142410CBCCBEBAF7","E:\????\??-???\images\7378cbf4e0da4049dc7efa17139fb2b2531ba0dbca92b903142410cbccbebaf7.png"
"SHA256","73E7DB3E4D99A46C1353BEFC4FF85530C9F48D56A8F37CEC0FEACE6D5A501D2E","E:\????\??-???\images\73e7db3e4d99a46c1353befc4ff85530c9f48d56a8f37cec0feace6d5a501d2e.png"
"SHA256","7414A2A450E72E8BBB882A70682BC0DEC7D3CE17B605B40BBE357B482703EA23","E:\????\??-???\images\7414a2a450e72e8bbb882a70682bc0dec7d3ce17b605b40bbe357b482703ea23.png"
"SHA256","746587D138FDCE124DEE6804EDCB15FECDDA17E880ED7E983AE7635953A8B218","E:\????\??-???\images\746587d138fdce124dee6804edcb15fecdda17e880ed7e983ae7635953a8b218.png"
"SHA256","748AE58A5CCD4DF1044B9C76EF40E02A0DEFDE9F04AD933CCB62BBC4AF6F2A08","E:\????\??-???\images\748ae58a5ccd4df1044b9c76ef40e02a0defde9f04ad933ccb62bbc4af6f2a08.png"
"SHA256","74B2CAE81DD064D540C9ECCB388981546FADD1D062ED311F0E6637880EC2CCDF","E:\????\??-???\images\74b2cae81dd064d540c9eccb388981546fadd1d062ed311f0e6637880ec2ccdf.png"
"SHA256","7522CC12E0D1BDCB75F4D6302C1116829473E7799CC13D153218339BF0A14E7E","E:\????\??-???\images\7522cc12e0d1bdcb75f4d6302c1116829473e7799cc13d153218339bf0a14e7e.png"
"SHA256","752CF9E02198B9A81E8D565E93C2562A221EF3D1747E5EC1E24ABD2E24E70A79","E:\????\??-???\images\752cf9e02198b9a81e8d565e93c2562a221ef3d1747e5ec1e24abd2e24e70a79.png"
"SHA256","75314E84D8ED44F037AA46A85D0D2879E2562D600B52A1052117CF09B2FF9C10","E:\????\??-???\images\75314e84d8ed44f037aa46a85d0d2879e2562d600b52a1052117cf09b2ff9c10.png"
"SHA256","753347ADCED2D32540AE40FF550E7D5B3D17CCDD36C6B310B5050F3415702F26","E:\????\??-???\images\753347adced2d32540ae40ff550e7d5b3d17ccdd36c6b310b5050f3415702f26.png"
"SHA256","763DFF8D0C597A85771FAEA97963871300E1B48F354E350832F09E07423BF044","E:\????\??-???\images\763dff8d0c597a85771faea97963871300e1b48f354e350832f09e07423bf044.png"
"SHA256","766B0486CA3620042FF6BBA9A144C3986DD165FFB8B2A519753C1628FE3DFA4F","E:\????\??-???\images\766b0486ca3620042ff6bba9a144c3986dd165ffb8b2a519753c1628fe3dfa4f.png"
"SHA256","767D0A39D49BFB41E88B39CD4E6E7A96352E0712E3F4A5F5FC90EAA19B6F8A32","E:\????\??-???\images\767d0a39d49bfb41e88b39cd4e6e7a96352e0712e3f4a5f5fc90eaa19b6f8a32.png"
"SHA256","76EFEB12D484B873CADC642E6D5ADCD6AD6AFFB5473FE3DBD923FFF5C9ADE019","E:\????\??-???\images\76efeb12d484b873cadc642e6d5adcd6ad6affb5473fe3dbd923fff5c9ade019.png"
"SHA256","7707A664996F1AE3745D978D75295ACCB7E15C70D933FC71939730A261A33A0B","E:\????\??-???\images\7707a664996f1ae3745d978d75295accb7e15c70d933fc71939730a261a33a0b.png"
"SHA256","770BD14C662CD1D55A3F8DF8AF4C96C7AF913A6F7085D4EB4BF0A9CEE7A2DF87","E:\????\??-???\images\770bd14c662cd1d55a3f8df8af4c96c7af913a6f7085d4eb4bf0a9cee7a2df87.png"
"SHA256","771C53434C4E586D11460E11B7003690507D32CBF7649389323461DFB52B35BB","E:\????\??-???\images\771c53434c4e586d11460e11b7003690507d32cbf7649389323461dfb52b35bb.png"
"SHA256","772E9B65A5179938A303160BEE61E0344D728472F8CB3FB322068BEC02E0E636","E:\????\??-???\images\772e9b65a5179938a303160bee61e0344d728472f8cb3fb322068bec02e0e636.png"
"SHA256","77A0C024E5536B30BF783515375754565668A9D54C59DFFBE1DD1BE4468DFCDE","E:\????\??-???\images\77a0c024e5536b30bf783515375754565668a9d54c59dffbe1dd1be4468dfcde.png"
"SHA256","77BA7A79825FCDC1C49D2F4AD4A50261CD07DCDA8A0692B1AF7FDE4363361982","E:\????\??-???\images\77ba7a79825fcdc1c49d2f4ad4a50261cd07dcda8a0692b1af7fde4363361982.png"
"SHA256","77C8588974308243CC2182C93CE0913C7BAC730D284A78B68A1688C4F4566C8E","E:\????\??-???\images\77c8588974308243cc2182c93ce0913c7bac730d284a78b68a1688c4f4566c8e.png"
"SHA256","77DCFEA88D08405BE7F6D0C88C2F8A25815FB390A65D14D94138689D5B3BD733","E:\????\??-???\images\77dcfea88d08405be7f6d0c88c2f8a25815fb390a65d14d94138689d5b3bd733.png"
"SHA256","77F0098C12207AF64B71CF32C967720D6AA8B2931A841F482413A283FBCB0C5D","E:\????\??-???\images\77f0098c12207af64b71cf32c967720d6aa8b2931a841f482413a283fbcb0c5d.png"
"SHA256","7813CF4755C0AA93225B077DCDC9AD1B6F94E179BDBE6261103CC579F30DE33F","E:\????\??-???\images\7813cf4755c0aa93225b077dcdc9ad1b6f94e179bdbe6261103cc579f30de33f.png"
"SHA256","781A8684A03782D48478D4B608396C86EBDF9527F8B5588542F1CB860A507CDB","E:\????\??-???\images\781a8684a03782d48478d4b608396c86ebdf9527f8b5588542f1cb860a507cdb.png"
"SHA256","781AEEDAD34306FD5D2F89D72C69C00B5361FD5A71D9DEF769D4C8A37FE95A18","E:\????\??-???\images\781aeedad34306fd5d2f89d72c69c00b5361fd5a71d9def769d4c8a37fe95a18.png"
"SHA256","783769DFAD0981483FCEFFF8106133A75FF3949F3E9D87CF505151F9D8A8F000","E:\????\??-???\images\783769dfad0981483fcefff8106133a75ff3949f3e9d87cf505151f9d8a8f000.png"
"SHA256","783849EB0E7BE1B7A007579B88FB19A4C936CC01AF9C3B6AA071E3DC782F27A3","E:\????\??-???\images\783849eb0e7be1b7a007579b88fb19a4c936cc01af9c3b6aa071e3dc782f27a3.png"
"SHA256","78512B8B98ED683BDF822842BA2910864D85EA4CFEAF1EE983599CD41E904817","E:\????\??-???\images\78512b8b98ed683bdf822842ba2910864d85ea4cfeaf1ee983599cd41e904817.png"
"SHA256","785C8F28804034A2E0B8FFCB3FC0D33C666A17E6EFF21552E0E4E8BC321B4A53","E:\????\??-???\images\785c8f28804034a2e0b8ffcb3fc0d33c666a17e6eff21552e0e4e8bc321b4a53.png"
"SHA256","7871258A97C2D55844EF3BC7A0E319B9AE39A683ED43FE6BC2BAC08E53ABC5FE","E:\????\??-???\images\7871258a97c2d55844ef3bc7a0e319b9ae39a683ed43fe6bc2bac08e53abc5fe.png"
"SHA256","78714DB242A3F8EDAB13FF51794B5915D99C66FA3E207C1C1AECB94CDAC2E873","E:\????\??-???\images\78714db242a3f8edab13ff51794b5915d99c66fa3e207c1c1aecb94cdac2e873.png"
"SHA256","7873C43CE43057A217EB37835B5F387317E7540115A050215BEDD68AAB23447A","E:\????\??-???\images\7873c43ce43057a217eb37835b5f387317e7540115a050215bedd68aab23447a.png"
"SHA256","78DCDEBF39DC357D25116E0EA08297FE5D9D987ED9A4B11BE32F8C5E71836A0D","E:\????\??-???\images\78dcdebf39dc357d25116e0ea08297fe5d9d987ed9a4b11be32f8c5e71836a0d.png"
"SHA256","790EE34FA474F5439AE1614A7C20BFC9C281C7B336ED0E3951EDC85D9915DFE4","E:\????\??-???\images\790ee34fa474f5439ae1614a7c20bfc9c281c7b336ed0e3951edc85d9915dfe4.png"
"SHA256","799C9797FC2A36B4B45B5A7C4D121E0DDDEDD1D39D92F0012E3190AB0A14294F","E:\????\??-???\images\799c9797fc2a36b4b45b5a7c4d121e0dddedd1d39d92f0012e3190ab0a14294f.png"
"SHA256","79A3F5BFB96BA07F1F80464DF38BAC51A34D7F9313DAB15E06F276DAB506A879","E:\????\??-???\images\79a3f5bfb96ba07f1f80464df38bac51a34d7f9313dab15e06f276dab506a879.png"
"SHA256","79AF4901468498C2637FE3A60A725987234F8029911A9815D380F6F5DECC33ED","E:\????\??-???\images\79af4901468498c2637fe3a60a725987234f8029911a9815d380f6f5decc33ed.png"
"SHA256","79B94364AEDEACB4531C969C7758BD0850E58751C12E9D0A3BDB2CA2789628B4","E:\????\??-???\images\79b94364aedeacb4531c969c7758bd0850e58751c12e9d0a3bdb2ca2789628b4.png"
"SHA256","7A67CC0582DA45420B64E7043AF36899339E04BD28E95B48ED41350F0463BC16","E:\????\??-???\images\7a67cc0582da45420b64e7043af36899339e04bd28e95b48ed41350f0463bc16.png"
"SHA256","7A8FC49D460F675CE8B2AA1B0FA8BC41756B57415DD787CBF666E2528E0EB5A0","E:\????\??-???\images\7a8fc49d460f675ce8b2aa1b0fa8bc41756b57415dd787cbf666e2528e0eb5a0.png"
"SHA256","7BB22FE296CB324DEC7D79079AA7BAA33B6785CC559E44F48FE41C8DF5119245","E:\????\??-???\images\7bb22fe296cb324dec7d79079aa7baa33b6785cc559e44f48fe41c8df5119245.png"
"SHA256","7BC235A17F5C2072929E4116EB17166EA6874795DF3D3DA2487D29F123C549CE","E:\????\??-???\images\7bc235a17f5c2072929e4116eb17166ea6874795df3d3da2487d29f123c549ce.png"
"SHA256","7BD49BDE031F65A830CE8850AE1EE2CCC2F3944A4EF589717D249E42A52999DB","E:\????\??-???\images\7bd49bde031f65a830ce8850ae1ee2ccc2f3944a4ef589717d249e42a52999db.png"
"SHA256","7C3697ED0E39333B4EFAB56481CD54EC86EBFE990A04B2D934FB1252EB50BCA7","E:\????\??-???\images\7c3697ed0e39333b4efab56481cd54ec86ebfe990a04b2d934fb1252eb50bca7.png"
"SHA256","7C3B70619E72F949B45224FC52CFD60F6C2799C354E7C989AE430F55E34AB119","E:\????\??-???\images\7c3b70619e72f949b45224fc52cfd60f6c2799c354e7c989ae430f55e34ab119.png"
"SHA256","7C9E71018F3C36E36228D5B44D035F70928EA54B6C668F76309626579514CC7C","E:\????\??-???\images\7c9e71018f3c36e36228d5b44d035f70928ea54b6c668f76309626579514cc7c.png"
"SHA256","7CAF49B9D4116299F1D6F61DF58374EC1505A6148738D01041664407CB27FFB9","E:\????\??-???\images\7caf49b9d4116299f1d6f61df58374ec1505a6148738d01041664407cb27ffb9.png"
"SHA256","7D24CD2980993784EC0D85581592AD6F06FDBE5E622D43AD841C378D46A9C81E","E:\????\??-???\images\7d24cd2980993784ec0d85581592ad6f06fdbe5e622d43ad841c378d46a9c81e.png"
"SHA256","7DBD668D76542AB687465F3C71FC9EE61E423CC5BEEDF39B0C866E13231EF753","E:\????\??-???\images\7dbd668d76542ab687465f3c71fc9ee61e423cc5beedf39b0c866e13231ef753.png"
"SHA256","7DD7D2FB7970509A554771E712A47C09BD65B4077E8A201B3BDFC03AD594CEC3","E:\????\??-???\images\7dd7d2fb7970509a554771e712a47c09bd65b4077e8a201b3bdfc03ad594cec3.png"
"SHA256","7E040713B8BEBBDDEEAE69EDEB3F37417A37455967ACBB73F0C2F4B1CDA09B41","E:\????\??-???\images\7e040713b8bebbddeeae69edeb3f37417a37455967acbb73f0c2f4b1cda09b41.png"
"SHA256","7E7D660B1F95DC16844C9A669EDEA5D2025160DE1F3FC6116C41CA82C8B051F3","E:\????\??-???\images\7e7d660b1f95dc16844c9a669edea5d2025160de1f3fc6116c41ca82c8b051f3.png"
"SHA256","7EA2E8693E7D77D4BAE301E91B7A396F2F46D56F9F55ACEE5BBA16C6A8585001","E:\????\??-???\images\7ea2e8693e7d77d4bae301e91b7a396f2f46d56f9f55acee5bba16c6a8585001.png"
"SHA256","7EA353BDEF6F4901332913D7DFCE4F3A25C89B1C06ADA7B5376F0C2F72BEEEDE","E:\????\??-???\images\7ea353bdef6f4901332913d7dfce4f3a25c89b1c06ada7b5376f0c2f72beeede.png"
"SHA256","7ECD2BAE642217D4292F64976E27C18891E7520AF1F57F6A28158DED9F9CD50C","E:\????\??-???\images\7ecd2bae642217d4292f64976e27c18891e7520af1f57f6a28158ded9f9cd50c.png"
"SHA256","7ECFA673D4FA7DABE2721351671891727132A3B94BBEE07F4EC9DD76627452D0","E:\????\??-???\images\7ecfa673d4fa7dabe2721351671891727132a3b94bbee07f4ec9dd76627452d0.png"
"SHA256","7F1C775A52D2D54E772E32FB74791D34FF09CECE10CBDF0F663A19E7D9AC6091","E:\????\??-???\images\7f1c775a52d2d54e772e32fb74791d34ff09cece10cbdf0f663a19e7d9ac6091.png"
"SHA256","7F624A68AC041C2B31819A27B87A4CCFDFC7BBD0AEA83D185BC834266BFD75AC","E:\????\??-???\images\7f624a68ac041c2b31819a27b87a4ccfdfc7bbd0aea83d185bc834266bfd75ac.png"
"SHA256","7F86FBC32E8408543A7B5D4CA751838B6D4A593CB90725A106421F8978C30046","E:\????\??-???\images\7f86fbc32e8408543a7b5d4ca751838b6d4a593cb90725a106421f8978c30046.png"
"SHA256","7F8CD0CDE1C75E1C261CDACC2238253E88D5332D9839211948592ED1E15E8490","E:\????\??-???\images\7f8cd0cde1c75e1c261cdacc2238253e88d5332d9839211948592ed1e15e8490.png"
"SHA256","8089C9FAF3D9DECA519C6E46508B7D7158A1B0A5CE91C04A309BA48EFC1C329A","E:\????\??-???\images\8089c9faf3d9deca519c6e46508b7d7158a1b0a5ce91c04a309ba48efc1c329a.png"
"SHA256","80C79F2656F6FB60796597FC9BFC9CD28A3A775C82CBCBE1C8EFB0D866DBAB6B","E:\????\??-???\images\80c79f2656f6fb60796597fc9bfc9cd28a3a775c82cbcbe1c8efb0d866dbab6b.png"
"SHA256","810F9B42C0663FFE4F1903FE08CA708AFF93EDF3E0E9F59B582D0F388D5971AD","E:\????\??-???\images\810f9b42c0663ffe4f1903fe08ca708aff93edf3e0e9f59b582d0f388d5971ad.png"
"SHA256","818007BAC622478CE70C17B2F2D934770D74E9B919F99026467D48594D8404DD","E:\????\??-???\images\818007bac622478ce70c17b2f2d934770d74e9b919f99026467d48594d8404dd.png"
"SHA256","8196E103D30435B9D6BA0B21B7AA151F394D1752473163C719797AA9A9A40F36","E:\????\??-???\images\8196e103d30435b9d6ba0b21b7aa151f394d1752473163c719797aa9a9a40f36.png"
"SHA256","81AA219A0E6E73ACF46A12F0114D43EE41693A00B6169F8AB2CDBE02BB40439E","E:\????\??-???\images\81aa219a0e6e73acf46a12f0114d43ee41693a00b6169f8ab2cdbe02bb40439e.png"
"SHA256","81DD42135BB7284F1A3E6278D177E6D371EF93FC14213C75D06210382999A54A","E:\????\??-???\images\81dd42135bb7284f1a3e6278d177e6d371ef93fc14213c75d06210382999a54a.png"
"SHA256","81DFB740C5DC9BDE0DD4AB0F5491B8898DD2294BF2F7A7CB962F171954A59BC8","E:\????\??-???\images\81dfb740c5dc9bde0dd4ab0f5491b8898dd2294bf2f7a7cb962f171954a59bc8.png"
"SHA256","81E2973A8CAB4BE1A48DAC3A87692A61B9FEE3C248C7FA16F6429276619FF655","E:\????\??-???\images\81e2973a8cab4be1a48dac3a87692a61b9fee3c248c7fa16f6429276619ff655.png"
"SHA256","81F79F734B1D4DAB7DB5504628F453429F8911230BCD8374615B4CAFE30A64E0","E:\????\??-???\images\81f79f734b1d4dab7db5504628f453429f8911230bcd8374615b4cafe30a64e0.png"
"SHA256","823BCC9D0175FFCBB5663B74594F6E1817155E2F160555BC36440F6D398793EE","E:\????\??-???\images\823bcc9d0175ffcbb5663b74594f6e1817155e2f160555bc36440f6d398793ee.png"
"SHA256","828DEA7FB6A95537102DACC9FE58337B44EC0B08EF428F53208DFC0E87EE16D6","E:\????\??-???\images\828dea7fb6a95537102dacc9fe58337b44ec0b08ef428f53208dfc0e87ee16d6.png"
"SHA256","835EA1E8C630F21FB321EDD1C5A7B26732D1B1B7F68D97D9A56D8190D65AE8E7","E:\????\??-???\images\835ea1e8c630f21fb321edd1c5a7b26732d1b1b7f68d97d9a56d8190d65ae8e7.png"
"SHA256","838EAF74ACBE9903EA0C19EA60E7E6227089E756F382FA53472E519AE9E51CCD","E:\????\??-???\images\838eaf74acbe9903ea0c19ea60e7e6227089e756f382fa53472e519ae9e51ccd.png"
"SHA256","83CDC6F681662EC1122BA1B3C19DC773A6E5A4211A0FDD7F5D264CFF91DE93A8","E:\????\??-???\images\83cdc6f681662ec1122ba1b3c19dc773a6e5a4211a0fdd7f5d264cff91de93a8.png"
"SHA256","843A3ACFC78BA38F83D297520FF90C30170F14D3B5743447C97777B759202F99","E:\????\??-???\images\843a3acfc78ba38f83d297520ff90c30170f14d3b5743447c97777b759202f99.png"
"SHA256","843B6B77481F5672651B85F008457C3C60B1748503DC726ACBFB348061C49BE2","E:\????\??-???\images\843b6b77481f5672651b85f008457c3c60b1748503dc726acbfb348061c49be2.png"
"SHA256","847887877E268BCF8E4778FC08A2CC63214F335FCAA38110610B2805680A0F89","E:\????\??-???\images\847887877e268bcf8e4778fc08a2cc63214f335fcaa38110610b2805680a0f89.png"
"SHA256","84A4433B158D434BBD2AE24324BC615BA9D0AFCA48DF3A22B5668B9533630D6E","E:\????\??-???\images\84a4433b158d434bbd2ae24324bc615ba9d0afca48df3a22b5668b9533630d6e.png"
"SHA256","84B368D91E11E1BD374791789AF6BA6FA0CA7D5195C6F236464734D3782AE280","E:\????\??-???\images\84b368d91e11e1bd374791789af6ba6fa0ca7d5195c6f236464734d3782ae280.png"
"SHA256","84BE1D2582BB2FB784DFA60F4484D2A4EDD55B1253989E97121A13AEACD416BC","E:\????\??-???\images\84be1d2582bb2fb784dfa60f4484d2a4edd55b1253989e97121a13aeacd416bc.png"
"SHA256","84DF0631916553F4096AD67A332A9A2B8A3B8006E27CFCFE7002D47A885A964F","E:\????\??-???\images\84df0631916553f4096ad67a332a9a2b8a3b8006e27cfcfe7002d47a885a964f.png"
"SHA256","84E5E7F024E7E74B1EFB85AED93F35DB578D26798263A8E61B3E4EDA22E87F53","E:\????\??-???\images\84e5e7f024e7e74b1efb85aed93f35db578d26798263a8e61b3e4eda22e87f53.png"
"SHA256","84F337ABB21A2469125540383A78465228F846D83185C7CF33DA4B525318DE91","E:\????\??-???\images\84f337abb21a2469125540383a78465228f846d83185c7cf33da4b525318de91.png"
"SHA256","8552BCF120A58BFEEA9F11B575CB327EAF22825568AD3A469C7F9D3F39E98F12","E:\????\??-???\images\8552bcf120a58bfeea9f11b575cb327eaf22825568ad3a469c7f9d3f39e98f12.png"
"SHA256","8570A6E1F9A5459EDBC616633C0E9EC85AD101985D1769706AD5DE7327ED8EF7","E:\????\??-???\images\8570a6e1f9a5459edbc616633c0e9ec85ad101985d1769706ad5de7327ed8ef7.png"
"SHA256","859DE0250EBF65EFA09A832C9B263F54F947572AF1F5633442DA621EC5EEA31B","E:\????\??-???\images\859de0250ebf65efa09a832c9b263f54f947572af1f5633442da621ec5eea31b.png"
"SHA256","85BD4A6A5B701CB944B192D10778F5C35A4DEBA9ACBD759374A28040E818E37F","E:\????\??-???\images\85bd4a6a5b701cb944b192d10778f5c35a4deba9acbd759374a28040e818e37f.png"
"SHA256","85DE9581E0F3D31BE4276188D6C75B1E1215EEB238E470C43443B7A4F7B211A1","E:\????\??-???\images\85de9581e0f3d31be4276188d6c75b1e1215eeb238e470c43443b7a4f7b211a1.png"
"SHA256","85DFCA98E8BDBB5A834EFBB545630ABE39CA07CA0CDA37CD179FE5672A70555B","E:\????\??-???\images\85dfca98e8bdbb5a834efbb545630abe39ca07ca0cda37cd179fe5672a70555b.png"
"SHA256","85F9DD6F958EFD79D2B7F526E1BD5A0F127F5EA5B116DAE26F5046113633D6BF","E:\????\??-???\images\85f9dd6f958efd79d2b7f526e1bd5a0f127f5ea5b116dae26f5046113633d6bf.png"
"SHA256","860C4883EA921CCFD4583434C83BAF6C34AE1A14AF3DA436DDC5F5B184B72E92","E:\????\??-???\images\860c4883ea921ccfd4583434c83baf6c34ae1a14af3da436ddc5f5b184b72e92.png"
"SHA256","86110606BB33AE1D2AD9E1E88C8EE5E41B6BDABAAD111B890A6C9EF8F908BF67","E:\????\??-???\images\86110606bb33ae1d2ad9e1e88c8ee5e41b6bdabaad111b890a6c9ef8f908bf67.png"
"SHA256","8612F2C14D2C4C74FFC6AF33EA8E5C103EB5F6A1762344135D49BD4E36C18B49","E:\????\??-???\images\8612f2c14d2c4c74ffc6af33ea8e5c103eb5f6a1762344135d49bd4e36c18b49.png"
"SHA256","868D9C7074F6E0C297AC7F1C40F6783FA7128F8DF349078B2178F1B796317231","E:\????\??-???\images\868d9c7074f6e0c297ac7f1c40f6783fa7128f8df349078b2178f1b796317231.png"
"SHA256","8693773B14ECD4EB5E7751CBC2EC86C5C6A0A188EA2789D3D12853A86D7F0C62","E:\????\??-???\images\8693773b14ecd4eb5e7751cbc2ec86c5c6a0a188ea2789d3d12853a86d7f0c62.png"
"SHA256","86AAE1BD762DE764D630C43516B034F438FAB77944D797D3F7EFBA7904F4255A","E:\????\??-???\images\86aae1bd762de764d630c43516b034f438fab77944d797d3f7efba7904f4255a.png"
"SHA256","8736A900086EF2B78FCA25BAD2BF1ECDE0B1F61AB0E56B4E2DF337149EB6D886","E:\????\??-???\images\8736a900086ef2b78fca25bad2bf1ecde0b1f61ab0e56b4e2df337149eb6d886.png"
"SHA256","874F64EC0F32D95ABA39B40B647FD92DDC9FA15E54FF36F06838E84652314E63","E:\????\??-???\images\874f64ec0f32d95aba39b40b647fd92ddc9fa15e54ff36f06838e84652314e63.png"
"SHA256","8773F895C9CF10428804583288D32552511FF7CF62A25778C78F550284C0E905","E:\????\??-???\images\8773f895c9cf10428804583288d32552511ff7cf62a25778c78f550284c0e905.png"
"SHA256","879317CE6B5113B7BBE61C766702A26672ADD68A4A7095FDDF5D697CB46F6E80","E:\????\??-???\images\879317ce6b5113b7bbe61c766702a26672add68a4a7095fddf5d697cb46f6e80.png"
"SHA256","87D989C9970C6469886320A7FA743C9F6FD6FA5DEB5A7DBE7C4BCE0559017C20","E:\????\??-???\images\87d989c9970c6469886320a7fa743c9f6fd6fa5deb5a7dbe7c4bce0559017c20.png"
"SHA256","87E42D8711C42175EA1532873F2BD5765F291D2691FC36757908433C9E284D9F","E:\????\??-???\images\87e42d8711c42175ea1532873f2bd5765f291d2691fc36757908433c9e284d9f.png"
"SHA256","8853EA9F86857420EE7478EA87CD45BBB94EB91984EE2902FC840ECA0A940CC5","E:\????\??-???\images\8853ea9f86857420ee7478ea87cd45bbb94eb91984ee2902fc840eca0a940cc5.png"
"SHA256","885C787A5060B300F28D7CB601235931847DB84546A043C9B1C77C05C6BDE4C1","E:\????\??-???\images\885c787a5060b300f28d7cb601235931847db84546a043c9b1c77c05c6bde4c1.png"
"SHA256","887A868DDC552BEBDE776C0A90E0856E2A99124CB4848A2BEE63BBFFF38BA537","E:\????\??-???\images\887a868ddc552bebde776c0a90e0856e2a99124cb4848a2bee63bbfff38ba537.png"
"SHA256","890A460F2B676869CAED11EE48D773BB2A4DEB31A657F4BA771A961B5D7B7BAF","E:\????\??-???\images\890a460f2b676869caed11ee48d773bb2a4deb31a657f4ba771a961b5d7b7baf.png"
"SHA256","891725BD9C7B02FFF012027291F57ABA255972A1A1D85470073A6E2CFE8C1B10","E:\????\??-???\images\891725bd9c7b02fff012027291f57aba255972a1a1d85470073a6e2cfe8c1b10.png"
"SHA256","89306DE1B98595AD14CC93E375AD0B725AA63A79E629DA152CB5829EB43B9D50","E:\????\??-???\images\89306de1b98595ad14cc93e375ad0b725aa63a79e629da152cb5829eb43b9d50.png"
"SHA256","893B9871123A45A731C47957860ED75AD52A5C13AB8E492F70F0B544EFB4C51C","E:\????\??-???\images\893b9871123a45a731c47957860ed75ad52a5c13ab8e492f70f0b544efb4c51c.png"
"SHA256","8964EB95A6BA1EBCED7B789A1EE18E6B0F539DED3C928D03544525B924213EC1","E:\????\??-???\images\8964eb95a6ba1ebced7b789a1ee18e6b0f539ded3c928d03544525b924213ec1.png"
"SHA256","896BD4A8863EA4A909813D5DD6003BFA1D0010481CF6ED41BFA6F3CCA3423BF5","E:\????\??-???\images\896bd4a8863ea4a909813d5dd6003bfa1d0010481cf6ed41bfa6f3cca3423bf5.png"
"SHA256","89AA80CAC5DEE14BCC5326B471D05838E56D90A9F3E1007F9BBBF979D6354C3B","E:\????\??-???\images\89aa80cac5dee14bcc5326b471d05838e56d90a9f3e1007f9bbbf979d6354c3b.png"
"SHA256","89AAE509E9E7654BD9B94B14FF2509FA9B79B509B24C991200BB4883193A6C97","E:\????\??-???\images\89aae509e9e7654bd9b94b14ff2509fa9b79b509b24c991200bb4883193a6c97.png"
"SHA256","89C298B2DB6D7EFFE84A0421F2B3BC2ABDE945C7E097C0D063A31502B0FA3889","E:\????\??-???\images\89c298b2db6d7effe84a0421f2b3bc2abde945c7e097c0d063a31502b0fa3889.png"
"SHA256","8A3948133902B1A7F69A7B4E697D97606162C0BAC0CCDA79F1EA3DAFCC8CD443","E:\????\??-???\images\8a3948133902b1a7f69a7b4e697d97606162c0bac0ccda79f1ea3dafcc8cd443.png"
"SHA256","8A40DFF0E013A7B10B5FF79874263E3FBF38E9C58E634CCE44DA77A54E5B10B9","E:\????\??-???\images\8a40dff0e013a7b10b5ff79874263e3fbf38e9c58e634cce44da77a54e5b10b9.png"
"SHA256","8A63D839EC5AEE3D53CD654F0FDB0BC6BE3FC9A683683C9EAF93064716A7F0A8","E:\????\??-???\images\8a63d839ec5aee3d53cd654f0fdb0bc6be3fc9a683683c9eaf93064716a7f0a8.png"
"SHA256","8A73FBCE57FDFC3787B4AC225A00E3DBA438910764B643DA9C2F4CFA42CBF580","E:\????\??-???\images\8a73fbce57fdfc3787b4ac225a00e3dba438910764b643da9c2f4cfa42cbf580.png"
"SHA256","8A8E24B0CC7B1D2BD0F74B87616F4820ADC27B8728CAAD2C767FB467FA92B515","E:\????\??-???\images\8a8e24b0cc7b1d2bd0f74b87616f4820adc27b8728caad2c767fb467fa92b515.png"
"SHA256","8A8E8780D1A82D70CF9859D85A62C1C988A174E6B487DB7C8C23F50A7022D937","E:\????\??-???\images\8a8e8780d1a82d70cf9859d85a62c1c988a174e6b487db7c8c23f50a7022d937.png"
"SHA256","8AA24EDF73E3E71E5B3150BEA1CD8071024665E1509BA9F5EC4F1AA038686CF5","E:\????\??-???\images\8aa24edf73e3e71e5b3150bea1cd8071024665e1509ba9f5ec4f1aa038686cf5.png"
"SHA256","8AA3103314974029C6F7F6724E9AA0D7476EDBAA6E25608A90DB79A80069E2AB","E:\????\??-???\images\8aa3103314974029c6f7f6724e9aa0d7476edbaa6e25608a90db79a80069e2ab.png"
"SHA256","8AA9E293C8E43D16B0B40D3796A967DFFBD2AFA84ACE07768CF81B7EE4A73377","E:\????\??-???\images\8aa9e293c8e43d16b0b40d3796a967dffbd2afa84ace07768cf81b7ee4a73377.png"
"SHA256","8B54318C8A06B325DB02877FEAFB59B2155C348342417187FDF557F07E28F933","E:\????\??-???\images\8b54318c8a06b325db02877feafb59b2155c348342417187fdf557f07e28f933.png"
"SHA256","8B7F4DD489FE2948629525CD3B309A1D11956529852B4DBF98FCB36DE1778251","E:\????\??-???\images\8b7f4dd489fe2948629525cd3b309a1d11956529852b4dbf98fcb36de1778251.png"
"SHA256","8BCA01153887CC8E0F9ACA77B6E4C85427AC551A068CF5A3A686F89376425EA4","E:\????\??-???\images\8bca01153887cc8e0f9aca77b6e4c85427ac551a068cf5a3a686f89376425ea4.png"
"SHA256","8BCAB0B625E7AD256DCCB179D5D8F40A2FC670CFA79EC3D0A73BD671744025C1","E:\????\??-???\images\8bcab0b625e7ad256dccb179d5d8f40a2fc670cfa79ec3d0a73bd671744025c1.png"
"SHA256","8BE8182FC50081DCD13DF8415712FF523FD1AB46C9B3E8B2F802C4CCB3F202FC","E:\????\??-???\images\8be8182fc50081dcd13df8415712ff523fd1ab46c9b3e8b2f802c4ccb3f202fc.png"
"SHA256","8C271BF1BE3232D80AFA69D9176D34B8F3617C4ADD4C751968710A3EB4A75EE5","E:\????\??-???\images\8c271bf1be3232d80afa69d9176d34b8f3617c4add4c751968710a3eb4a75ee5.png"
"SHA256","8C291839C9B96779FA61613FAE415756FAA302661E8D7DE659ED0C68C13E377E","E:\????\??-???\images\8c291839c9b96779fa61613fae415756faa302661e8d7de659ed0c68c13e377e.png"
"SHA256","8C9C8B963BFCADF6D47150223491BBCACDAEE2E5860388AF87509BE1123A2CD9","E:\????\??-???\images\8c9c8b963bfcadf6d47150223491bbcacdaee2e5860388af87509be1123a2cd9.png"
"SHA256","8CA79C9682C4835549D2788C8D89B572F3528B712F90838BD51B740263489605","E:\????\??-???\images\8ca79c9682c4835549d2788c8d89b572f3528b712f90838bd51b740263489605.png"
"SHA256","8CAD29BBFB118FBD9BF03D4E578E6D0D903595C9B8395EAF5AA7E96E5A97181C","E:\????\??-???\images\8cad29bbfb118fbd9bf03d4e578e6d0d903595c9b8395eaf5aa7e96e5a97181c.png"
"SHA256","8CB1A44CE0F7C0228ADAF60E8FE45C71647619349ED5B9109EC4AD7B8E9C224C","E:\????\??-???\images\8cb1a44ce0f7c0228adaf60e8fe45c71647619349ed5b9109ec4ad7b8e9c224c.png"
"SHA256","8CB2B5996376D9AEE01A117F02B7D74304293E13060CF7C4CE1167B77D6EE613","E:\????\??-???\images\8cb2b5996376d9aee01a117f02b7d74304293e13060cf7c4ce1167b77d6ee613.png"
"SHA256","8CCB22FBB38442E680091BC9D78E98076DEF91F5B4BC4EC5507509618B425362","E:\????\??-???\images\8ccb22fbb38442e680091bc9d78e98076def91f5b4bc4ec5507509618b425362.png"
"SHA256","8CD5A97057DA05E7F0D2CE1A832D6DE8ABEC91EC2E6AFCDC018315A014048B30","E:\????\??-???\images\8cd5a97057da05e7f0d2ce1a832d6de8abec91ec2e6afcdc018315a014048b30.png"
"SHA256","8CF9D7FE7D235351214A1645DF799EFF6AFA75385A29B9F1512758CE5EBAD95B","E:\????\??-???\images\8cf9d7fe7d235351214a1645df799eff6afa75385a29b9f1512758ce5ebad95b.png"
"SHA256","8D9536491E820E75550E8BA076C0305732A47969BE80CB274A2A7AB3D07FBB9C","E:\????\??-???\images\8d9536491e820e75550e8ba076c0305732a47969be80cb274a2a7ab3d07fbb9c.png"
"SHA256","8DBFFD26CE2D3EF86D3574555772FA59D0B29B7954D13553E7BDAF75C8C02700","E:\????\??-???\images\8dbffd26ce2d3ef86d3574555772fa59d0b29b7954d13553e7bdaf75c8c02700.png"
"SHA256","8DFC1A56201F49C960C809964F49E8E3D43E453E4B7C8C11531E10412ED2E18E","E:\????\??-???\images\8dfc1a56201f49c960c809964f49e8e3d43e453e4b7c8c11531e10412ed2e18e.png"
"SHA256","8E26D3A2FD0D849132693AD9C3DDD54BEE8661DF3AB2936993A4C8C85D99C866","E:\????\??-???\images\8e26d3a2fd0d849132693ad9c3ddd54bee8661df3ab2936993a4c8c85d99c866.png"
"SHA256","8E2F90BF9C2988F4B99D02F782283FEC8340C873CC170C72D34DB06032E15E4F","E:\????\??-???\images\8e2f90bf9c2988f4b99d02f782283fec8340c873cc170c72d34db06032e15e4f.png"
"SHA256","8E5212C080EFE2BC9C4EADB17BEDA468CBE7F5D25D6BB4B289AF550E86926B96","E:\????\??-???\images\8e5212c080efe2bc9c4eadb17beda468cbe7f5d25d6bb4b289af550e86926b96.png"
"SHA256","8EAE797AD9F62F4B7C60A7E7A22E21279B3FA72F670AA03E3C28E450C6BD27D1","E:\????\??-???\images\8eae797ad9f62f4b7c60a7e7a22e21279b3fa72f670aa03e3c28e450c6bd27d1.png"
"SHA256","8EEA7CF4812BDD46B35DD09204B33C414BAD0BA18390487E628EF7D9A5ED030A","E:\????\??-???\images\8eea7cf4812bdd46b35dd09204b33c414bad0ba18390487e628ef7d9a5ed030a.png"
"SHA256","8F602FDA514B0F3EFE36183BD5FE78AE518CB52BCE06DA4A77D401E4295BDA14","E:\????\??-???\images\8f602fda514b0f3efe36183bd5fe78ae518cb52bce06da4a77d401e4295bda14.png"
"SHA256","8F6FE44CB58A1ECF385FCE8FE7A653A275A3248FD880492500309490777D2225","E:\????\??-???\images\8f6fe44cb58a1ecf385fce8fe7a653a275a3248fd880492500309490777d2225.png"
"SHA256","8FED0212681F3D7510B430B24648F2D2603D5C93A7CCBFBC637AA12602D5F39A","E:\????\??-???\images\8fed0212681f3d7510b430b24648f2d2603d5c93a7ccbfbc637aa12602d5f39a.png"
"SHA256","9004201FD176AD35EC2331CC2A0302C9F8ECDC35068AB61AB784677427A66BDB","E:\????\??-???\images\9004201fd176ad35ec2331cc2a0302c9f8ecdc35068ab61ab784677427a66bdb.png"
"SHA256","904B874F07B9A8F31E2B8398AF2B661ACCCE158B10AE7E220637FB03EDA5CA3E","E:\????\??-???\images\904b874f07b9a8f31e2b8398af2b661accce158b10ae7e220637fb03eda5ca3e.png"
"SHA256","905160464F27A95C3D35A1FE6CD8EE20F4071D6B7483D02580D791B50BDED683","E:\????\??-???\images\905160464f27a95c3d35a1fe6cd8ee20f4071d6b7483d02580d791b50bded683.png"
"SHA256","9082FF0DC9061724919C9ECBC2DC591AFAE9D4FBDE935D4D0234C49D349EB8C6","E:\????\??-???\images\9082ff0dc9061724919c9ecbc2dc591afae9d4fbde935d4d0234c49d349eb8c6.png"
"SHA256","909C0116E6EC666904B4F31180D3A3AEF2F1FCC68859BBEE3487D48D3DBCD342","E:\????\??-???\images\909c0116e6ec666904b4f31180d3a3aef2f1fcc68859bbee3487d48d3dbcd342.png"
"SHA256","90D4F6E0EA932C9F05ED5EA48918D8C9B82706EBF86E26ECFD5E8A9E8CB7E9E6","E:\????\??-???\images\90d4f6e0ea932c9f05ed5ea48918d8c9b82706ebf86e26ecfd5e8a9e8cb7e9e6.png"
"SHA256","90E506ACF8DCFCA89ECD05666591F8C784DC467C8568999650F4145CC1429364","E:\????\??-???\images\90e506acf8dcfca89ecd05666591f8c784dc467c8568999650f4145cc1429364.png"
"SHA256","90FB4430F406C1C671ACE455C3C18C8D4942D9FDFE753BC6D60936B88799843A","E:\????\??-???\images\90fb4430f406c1c671ace455c3c18c8d4942d9fdfe753bc6d60936b88799843a.png"
"SHA256","918FD33158103FEC2D9199E87A6C527AFC05CA4345E3B4FD0F69A529F088F378","E:\????\??-???\images\918fd33158103fec2d9199e87a6c527afc05ca4345e3b4fd0f69a529f088f378.png"
"SHA256","9196B9328E1E64BEDDF4C512C3D0FF5455D69860BBB5197EB31D691D4B7BD16C","E:\????\??-???\images\9196b9328e1e64beddf4c512c3d0ff5455d69860bbb5197eb31d691d4b7bd16c.png"
"SHA256","91CE9D60BF7CF78C312291250B3D1FF2FB663DF6B32A77B84BFF9469BCBE45C9","E:\????\??-???\images\91ce9d60bf7cf78c312291250b3d1ff2fb663df6b32a77b84bff9469bcbe45c9.png"
"SHA256","92132A98B696074691DBA4A1C71C7D4EF8A8AA18555FED019F48D0D1EA26FBE3","E:\????\??-???\images\92132a98b696074691dba4a1c71c7d4ef8a8aa18555fed019f48d0d1ea26fbe3.png"
"SHA256","924B4CC9013BA32502445539415A962218E480ADA55969BF776FA67071435166","E:\????\??-???\images\924b4cc9013ba32502445539415a962218e480ada55969bf776fa67071435166.png"
"SHA256","9250D162D1157123F514CFC0F830A1A86087E8F29811909D213D42A2C4CAF5A2","E:\????\??-???\images\9250d162d1157123f514cfc0f830a1a86087e8f29811909d213d42a2c4caf5a2.png"
"SHA256","930028CC42D473ECE1CB65FCD1AE798A197A70F783A425111D48829CB83DE316","E:\????\??-???\images\930028cc42d473ece1cb65fcd1ae798a197a70f783a425111d48829cb83de316.png"
"SHA256","9316154F278B6E1BF7EA7AEBBE267181D31B289BC7BE5D1984F84EBE229BE692","E:\????\??-???\images\9316154f278b6e1bf7ea7aebbe267181d31b289bc7be5d1984f84ebe229be692.png"
"SHA256","939606556FAC3ECA8D8B84901945707353B58299F4763BA0DB62AC50E2B35B44","E:\????\??-???\images\939606556fac3eca8d8b84901945707353b58299f4763ba0db62ac50e2b35b44.png"
"SHA256","93A3857F6B3337346AB4ED9A08AAAD507A500D40E51093214F79155E1888AF60","E:\????\??-???\images\93a3857f6b3337346ab4ed9a08aaad507a500d40e51093214f79155e1888af60.png"
"SHA256","93E172E0E73833B200776417016D52CE2A782AC59C11FD6417793B61FFE3BB9F","E:\????\??-???\images\93e172e0e73833b200776417016d52ce2a782ac59c11fd6417793b61ffe3bb9f.png"
"SHA256","93E958BCADD0473A13789233278193F8092F19F932C73DE19847C253BC4F7646","E:\????\??-???\images\93e958bcadd0473a13789233278193f8092f19f932c73de19847c253bc4f7646.png"
"SHA256","93EC3E78472D1094EA0E6DD19B99D487C79A3EA698B8050298D1DD9114F34FD5","E:\????\??-???\images\93ec3e78472d1094ea0e6dd19b99d487c79a3ea698b8050298d1dd9114f34fd5.png"
"SHA256","93F4FFADE0930F6B172D1CCBEFEA939425BC2FAF3F72D7D09F55B80154D7ED34","E:\????\??-???\images\93f4ffade0930f6b172d1ccbefea939425bc2faf3f72d7d09f55b80154d7ed34.png"
"SHA256","940D64503C0A9F203FC5F4B239293EF6C066565A76FFF98709B98714E94BBEC9","E:\????\??-???\images\940d64503c0a9f203fc5f4b239293ef6c066565a76fff98709b98714e94bbec9.png"
"SHA256","9418B4BC73F72659FF5DCAEC75A4C1C286C9BE64EE6755A88AE09BFBDA11FAA0","E:\????\??-???\images\9418b4bc73f72659ff5dcaec75a4c1c286c9be64ee6755a88ae09bfbda11faa0.png"
"SHA256","943D37EB0C7C9042447938212F6B01D1293F00AADA4C94BF394629052BA977F8","E:\????\??-???\images\943d37eb0c7c9042447938212f6b01d1293f00aada4c94bf394629052ba977f8.png"
"SHA256","9447837714017FFBB7D32FCE6A2E77E29FBEA0656F12043D45769A28A2FA127B","E:\????\??-???\images\9447837714017ffbb7d32fce6a2e77e29fbea0656f12043d45769a28a2fa127b.png"
"SHA256","944B2FA63026B3A1E583744B11E12C25BC62DB114817B05BED503EFB5257C63E","E:\????\??-???\images\944b2fa63026b3a1e583744b11e12c25bc62db114817b05bed503efb5257c63e.png"
"SHA256","94934226219C1FBC299F1FD54619D581DF10F2D97EC16AE9F18DE51910733DEF","E:\????\??-???\images\94934226219c1fbc299f1fd54619d581df10f2d97ec16ae9f18de51910733def.png"
"SHA256","94CCA4DC9ED2DC75C05AF072D664EA2BEFD7874B8A184E8D2023969E083E2509","E:\????\??-???\images\94cca4dc9ed2dc75c05af072d664ea2befd7874b8a184e8d2023969e083e2509.png"
"SHA256","957080360E33DAFA4844CCB8560C9031FE465BF6BBF5A0C9E4027ECD4EFFE1C2","E:\????\??-???\images\957080360e33dafa4844ccb8560c9031fe465bf6bbf5a0c9e4027ecd4effe1c2.png"
"SHA256","95B0A2C793A67470560B5900027EE6E736E7E5C0692A5279C99D8C9F6C1025E9","E:\????\??-???\images\95b0a2c793a67470560b5900027ee6e736e7e5c0692a5279c99d8c9f6c1025e9.png"
"SHA256","9618C20125DEC9C991A7F8124AEF40AC919D5A56B5DF2E79FF8CA215F5C9490E","E:\????\??-???\images\9618c20125dec9c991a7f8124aef40ac919d5a56b5df2e79ff8ca215f5c9490e.png"
"SHA256","962ABE8981648257B7A44200E8EA01823BB93F9E36DBB7B298D1CAAF1ECD3E5E","E:\????\??-???\images\962abe8981648257b7a44200e8ea01823bb93f9e36dbb7b298d1caaf1ecd3e5e.png"
"SHA256","9655B03474F96BF045F21C3E78E9DB2D54983F2B490668EAD1B7C46E20F61C88","E:\????\??-???\images\9655b03474f96bf045f21c3e78e9db2d54983f2b490668ead1b7c46e20f61c88.png"
"SHA256","965D9F342F71ABD6E92904827085153DF64DD4BFD1EDB495BF93A728416D9024","E:\????\??-???\images\965d9f342f71abd6e92904827085153df64dd4bfd1edb495bf93a728416d9024.png"
"SHA256","96A55CB5D87B9D426219E889CCC55DF02B9BAD1D8BF989C1AEC7BAAA06128911","E:\????\??-???\images\96a55cb5d87b9d426219e889ccc55df02b9bad1d8bf989c1aec7baaa06128911.png"
"SHA256","96CE6B7AB1479E030CE686358D44883543CAFDD81EB3BD48B5870210FCA82435","E:\????\??-???\images\96ce6b7ab1479e030ce686358d44883543cafdd81eb3bd48b5870210fca82435.png"
"SHA256","96D9B8BF31B1DC8E1C94A2FEE065D07D83D352FE8E5E2F357883B667C7CCD286","E:\????\??-???\images\96d9b8bf31b1dc8e1c94a2fee065d07d83d352fe8e5e2f357883b667c7ccd286.png"
"SHA256","96FC2BB92AC90FA9481AD8FA4CC4959A65D4C760C0E39E3131980FAD9BB035AA","E:\????\??-???\images\96fc2bb92ac90fa9481ad8fa4cc4959a65d4c760c0e39e3131980fad9bb035aa.png"
"SHA256","9746109E7D75102920492B75525F4B8FDCCF679CBA05B1D6B597BDA1AA49B2EC","E:\????\??-???\images\9746109e7d75102920492b75525f4b8fdccf679cba05b1d6b597bda1aa49b2ec.png"
"SHA256","975921D6B8AF46BA2A4E3B0391DAC5DF2D7EC1D91C1996B18707A91150E1DE16","E:\????\??-???\images\975921d6b8af46ba2a4e3b0391dac5df2d7ec1d91c1996b18707a91150e1de16.png"
"SHA256","975D29DDC778886BF6B2D6CFFB7204796D8091CB263BD1E8D3B16260BE1B336A","E:\????\??-???\images\975d29ddc778886bf6b2d6cffb7204796d8091cb263bd1e8d3b16260be1b336a.png"
"SHA256","977C8E10B74D9933750386122A4F55D00A3FD7EEFCA13F906170AADFB41B23F0","E:\????\??-???\images\977c8e10b74d9933750386122a4f55d00a3fd7eefca13f906170aadfb41b23f0.png"
"SHA256","97A4EE45D854BB38FD890976A87A0B56DE4F5D3678877C8E032BCA470029663F","E:\????\??-???\images\97a4ee45d854bb38fd890976a87a0b56de4f5d3678877c8e032bca470029663f.png"
"SHA256","98370E2E2364D0225F47829EEF359433F1E83819294E9FEBC99FC2E4D34D8BCE","E:\????\??-???\images\98370e2e2364d0225f47829eef359433f1e83819294e9febc99fc2e4d34d8bce.png"
"SHA256","9854685642401A254498E3BD5807E5017E9A92009D18157708B22724AF95E68E","E:\????\??-???\images\9854685642401a254498e3bd5807e5017e9a92009d18157708b22724af95e68e.png"
"SHA256","98E8E122D41EE1BD937F30204D24A40098D2ED344BD313237A94BB5EB337D42C","E:\????\??-???\images\98e8e122d41ee1bd937f30204d24a40098d2ed344bd313237a94bb5eb337d42c.png"
"SHA256","98F8EEC2F1502DDA5CC93278FD782BD4F237145E0F2ED03073FC4275A8BDF069","E:\????\??-???\images\98f8eec2f1502dda5cc93278fd782bd4f237145e0f2ed03073fc4275a8bdf069.png"
"SHA256","991DE716A1E452E706159DBBEEF28224A63B9A2676965C663C57C24D0FAC42C8","E:\????\??-???\images\991de716a1e452e706159dbbeef28224a63b9a2676965c663c57c24d0fac42c8.png"
"SHA256","99381BB0C3D162D150E9C88C0E1BDEC133330C437CD6B29DAA2ADCFC07354352","E:\????\??-???\images\99381bb0c3d162d150e9c88c0e1bdec133330c437cd6b29daa2adcfc07354352.png"
"SHA256","99AB52A9DF29019FF745B3E2B5A7892F82AD4559F348AD7781A15F9103EADEF4","E:\????\??-???\images\99ab52a9df29019ff745b3e2b5a7892f82ad4559f348ad7781a15f9103eadef4.png"
"SHA256","99B1498E1D4955526BC53CD20EC0ADB6B283EAF7BF17925612FB879C852C59A0","E:\????\??-???\images\99b1498e1d4955526bc53cd20ec0adb6b283eaf7bf17925612fb879c852c59a0.png"
"SHA256","99C86970F1D14CBC2C57436B82A486A1A75ED021C1409702761FB4CA1D9FA1AD","E:\????\??-???\images\99c86970f1d14cbc2c57436b82a486a1a75ed021c1409702761fb4ca1d9fa1ad.png"
"SHA256","9A1F7DF4EFEA99B9FCE22CE054478453E33B25731CA938128A4491B8EF3B8A9D","E:\????\??-???\images\9a1f7df4efea99b9fce22ce054478453e33b25731ca938128a4491b8ef3b8a9d.png"
"SHA256","9A2B087270B6731FE1C3979D34D4AC9C45D0EE711FA7321910B32825FEBDED48","E:\????\??-???\images\9a2b087270b6731fe1c3979d34d4ac9c45d0ee711fa7321910b32825febded48.png"
"SHA256","9A4BE3AB1C614109DA475449E93A934F09FDBD29C135B6BED0546AD1075110D2","E:\????\??-???\images\9a4be3ab1c614109da475449e93a934f09fdbd29c135b6bed0546ad1075110d2.png"
"SHA256","9AEB72A537FE6874093E16CB32F6F5AC5A9544564FAC64E7F050CE1092ECCDF0","E:\????\??-???\images\9aeb72a537fe6874093e16cb32f6f5ac5a9544564fac64e7f050ce1092eccdf0.png"
"SHA256","9AED65FFE2F00FDB79AA566D7AA5D2EAA2DE9A1A2C111B30FD57E82246554215","E:\????\??-???\images\9aed65ffe2f00fdb79aa566d7aa5d2eaa2de9a1a2c111b30fd57e82246554215.png"
"SHA256","9B18CA3A1582C75D4078885DE8C9CA88FF8E21413EC72EEA742B3C7C1BF9892C","E:\????\??-???\images\9b18ca3a1582c75d4078885de8c9ca88ff8e21413ec72eea742b3c7c1bf9892c.png"
"SHA256","9B28D7FABC5D0E82113AEBC6ED5C24D2573F65BA1003774EE7B5EAC742A9CE14","E:\????\??-???\images\9b28d7fabc5d0e82113aebc6ed5c24d2573f65ba1003774ee7b5eac742a9ce14.png"
"SHA256","9B339B099205EDF97B876B607239CD09193A192352D570D8C50C0D2F5F4F11F6","E:\????\??-???\images\9b339b099205edf97b876b607239cd09193a192352d570d8c50c0d2f5f4f11f6.png"
"SHA256","9B4FD4B202C50C629537AEBAB0A95D10C274645D3EBBF7FBFD4B3EA21C251D08","E:\????\??-???\images\9b4fd4b202c50c629537aebab0a95d10c274645d3ebbf7fbfd4b3ea21c251d08.png"
"SHA256","9B65D235FB9FE7E7298D37CA6825E82014455E025945B7ED56C43B3E303FE504","E:\????\??-???\images\9b65d235fb9fe7e7298d37ca6825e82014455e025945b7ed56c43b3e303fe504.png"
"SHA256","9B7E32C80001BD210E8AA99FDBFFE67BD79569F93DF813C4FDDC800347838EDA","E:\????\??-???\images\9b7e32c80001bd210e8aa99fdbffe67bd79569f93df813c4fddc800347838eda.png"
"SHA256","9C524E74EE4E975453DD8D9BBDAF9CE7994779D6E68D5CA6C9F85063223CEE9F","E:\????\??-???\images\9c524e74ee4e975453dd8d9bbdaf9ce7994779d6e68d5ca6c9f85063223cee9f.png"
"SHA256","9C86DFEEF0E09CD163E8F26676581C4DEA32C441D3BDBB0C80CBB76BDFD91EDA","E:\????\??-???\images\9c86dfeef0e09cd163e8f26676581c4dea32c441d3bdbb0c80cbb76bdfd91eda.png"
"SHA256","9DDFAB2F6752A48118D4D91D7C78A00BF206D8B42611D56C2B4D582FF8500F70","E:\????\??-???\images\9ddfab2f6752a48118d4d91d7c78a00bf206d8b42611d56c2b4d582ff8500f70.png"
"SHA256","9DF5378BF1FAC3A5994BC44257E7CFDC299A735BD211A57912D1AC02684F69F5","E:\????\??-???\images\9df5378bf1fac3a5994bc44257e7cfdc299a735bd211a57912d1ac02684f69f5.png"
"SHA256","9E1A4B040C605BFB1A230376CDDD73887849387FC19E119B781F4AC12A2A35BA","E:\????\??-???\images\9e1a4b040c605bfb1a230376cddd73887849387fc19e119b781f4ac12a2a35ba.png"
"SHA256","9E1D47927BEAD8317BC31B01F2E584BBDAF45BF77E8C5FE19F4268EFA871DCE3","E:\????\??-???\images\9e1d47927bead8317bc31b01f2e584bbdaf45bf77e8c5fe19f4268efa871dce3.png"
"SHA256","9E8B0E4FA4944B1B4F19B450529D11FBFF52DC53A843A0D3E6FC93A674F9D20B","E:\????\??-???\images\9e8b0e4fa4944b1b4f19b450529d11fbff52dc53a843a0d3e6fc93a674f9d20b.png"
"SHA256","9F25BDD778009891E141A8FA21E55F3055C8DE4A6BD553D565F4125D74235CB2","E:\????\??-???\images\9f25bdd778009891e141a8fa21e55f3055c8de4a6bd553d565f4125d74235cb2.png"
"SHA256","9F2D6853D92DDAB75F1ABB7AECD3698DF682B9870CAB67E8AD142F3E99D0B47A","E:\????\??-???\images\9f2d6853d92ddab75f1abb7aecd3698df682b9870cab67e8ad142f3e99d0b47a.png"
"SHA256","9F5BBDCE0A6690F18E3AE67300FC96609042BB55EB15556DA98E8ADDFEA29CC0","E:\????\??-???\images\9f5bbdce0a6690f18e3ae67300fc96609042bb55eb15556da98e8addfea29cc0.png"
"SHA256","9F8B675602AF58C9A99FCAA09402E8C94030D7879AA3267A3A2A98E187531997","E:\????\??-???\images\9f8b675602af58c9a99fcaa09402e8c94030d7879aa3267a3a2a98e187531997.png"
"SHA256","9FA2D65A4AD5C8983CD571B07D9B8B0C2D838E05EAFFFC768D3B6B1203CB284A","E:\????\??-???\images\9fa2d65a4ad5c8983cd571b07d9b8b0c2d838e05eafffc768d3b6b1203cb284a.png"
"SHA256","9FE572D8D63C147DCC6F110A274EBF73BF3D3DD62E3BCA0479C759FE76B93775","E:\????\??-???\images\9fe572d8d63c147dcc6f110a274ebf73bf3d3dd62e3bca0479c759fe76b93775.png"
"SHA256","A0622B9523443404F594269599A0B368A51A24F5AC5E01CE02EC8E003B9AC3A9","E:\????\??-???\images\a0622b9523443404f594269599a0b368a51a24f5ac5e01ce02ec8e003b9ac3a9.png"
"SHA256","A0CF4F6C02628970E7E63F1B83E2EB6725E9E30BD9963509ED068BA8ACCD8999","E:\????\??-???\images\a0cf4f6c02628970e7e63f1b83e2eb6725e9e30bd9963509ed068ba8accd8999.png"
"SHA256","A11B37CCB5A370C54C088F8DD872552EF0C1D5215FF3A8096419AA87776BA9DE","E:\????\??-???\images\a11b37ccb5a370c54c088f8dd872552ef0c1d5215ff3a8096419aa87776ba9de.png"
"SHA256","A125138D7E98703C6F857FDA57A44AF9BFECED14A5C3BE688EFBC4A01FF97C26","E:\????\??-???\images\a125138d7e98703c6f857fda57a44af9bfeced14a5c3be688efbc4a01ff97c26.png"
"SHA256","A12D88492D5D578F880F38BF12BE16A9D57EDBD51D6E92EA2B252F97B01A4B53","E:\????\??-???\images\a12d88492d5d578f880f38bf12be16a9d57edbd51d6e92ea2b252f97b01a4b53.png"
"SHA256","A190DF5D6ACE9FB7A60D94110928D33AABCF862E5FB29C45FDF9C72DE8AC3168","E:\????\??-???\images\a190df5d6ace9fb7a60d94110928d33aabcf862e5fb29c45fdf9c72de8ac3168.png"
"SHA256","A1B30582324A5AE2DBF798E76D2B073FA8EB5EF3B00A0EF59DA489BA74F5327F","E:\????\??-???\images\a1b30582324a5ae2dbf798e76d2b073fa8eb5ef3b00a0ef59da489ba74f5327f.png"
"SHA256","A1D26EA78869C351BB664C82FB56115794D82D93D13AE679AA51A0B08096E9DF","E:\????\??-???\images\a1d26ea78869c351bb664c82fb56115794d82d93d13ae679aa51a0b08096e9df.png"
"SHA256","A20719806FEEDE7D3E9F4B83CEA53A28E344DAE5B7A2367A6E8D162D2155BA46","E:\????\??-???\images\a20719806feede7d3e9f4b83cea53a28e344dae5b7a2367a6e8d162d2155ba46.png"
"SHA256","A2134314D876513B388BD6792B7775027944B4570E7D7CCC030E7C321AF77CB8","E:\????\??-???\images\a2134314d876513b388bd6792b7775027944b4570e7d7ccc030e7c321af77cb8.png"
"SHA256","A2AD5114EFA933CAC2CB761D2818CB4FDBA8AD82A2A287932E407432FAD05C43","E:\????\??-???\images\a2ad5114efa933cac2cb761d2818cb4fdba8ad82a2a287932e407432fad05c43.png"
"SHA256","A2B7508479F6E143D7D0BE1C1FB1143984212E6B4E90B3C47C2CE1AD97179CA3","E:\????\??-???\images\a2b7508479f6e143d7d0be1c1fb1143984212e6b4e90b3c47c2ce1ad97179ca3.png"
"SHA256","A2F8F38EB45C429CABCDA5513AA11518DF1614610C04FFC1CB81EFE0A14619F7","E:\????\??-???\images\a2f8f38eb45c429cabcda5513aa11518df1614610c04ffc1cb81efe0a14619f7.png"
"SHA256","A317BFC0330369995E42F8C7631B89D70C4DABF3D56D9AFF2B50C436EF34FB5D","E:\????\??-???\images\a317bfc0330369995e42f8c7631b89d70c4dabf3d56d9aff2b50c436ef34fb5d.png"
"SHA256","A34896C7A00FE39D4852E79FCFA713A3D808EFED1BE1BE7CA55A41DF2BF23BB2","E:\????\??-???\images\a34896c7a00fe39d4852e79fcfa713a3d808efed1be1be7ca55a41df2bf23bb2.png"
"SHA256","A354A2C98F61C7AD5A7E11033CDC8402A876C39EB409E5A85C27A7547AC50A8F","E:\????\??-???\images\a354a2c98f61c7ad5a7e11033cdc8402a876c39eb409e5a85c27a7547ac50a8f.png"
"SHA256","A37B2522D891A950EDE90BC20CFAE2D136F1657156EA9B85B6B81226BC9992A1","E:\????\??-???\images\a37b2522d891a950ede90bc20cfae2d136f1657156ea9b85b6b81226bc9992a1.png"
"SHA256","A38C9246FEC9354BA3EC1964FD337C1EB40A4169E68C7266DA33175676E89F6B","E:\????\??-???\images\a38c9246fec9354ba3ec1964fd337c1eb40a4169e68c7266da33175676e89f6b.png"
"SHA256","A395EDD165E9E0C070C90D1E7D095AD5D92CAF50598340C483BEEEA57A28C114","E:\????\??-???\images\a395edd165e9e0c070c90d1e7d095ad5d92caf50598340c483beeea57a28c114.png"
"SHA256","A3CB05B0167878033739BE2B01A936DBC7AF5E31344CDFC27CF302EBA6E4F5E6","E:\????\??-???\images\a3cb05b0167878033739be2b01a936dbc7af5e31344cdfc27cf302eba6e4f5e6.png"
"SHA256","A3E8A14B79AFFACC3C08F6A1DB0F12238D3E5B0E18945555F2868E5198CCE0FA","E:\????\??-???\images\a3e8a14b79affacc3c08f6a1db0f12238d3e5b0e18945555f2868e5198cce0fa.png"
"SHA256","A3EF4A2C2E91D264B94F968A2D32AEA2EAA9BCE89158F347B14300D591CDDA38","E:\????\??-???\images\a3ef4a2c2e91d264b94f968a2d32aea2eaa9bce89158f347b14300d591cdda38.png"
"SHA256","A3F9FE28871F14BC2C943489E8C770E3A208FB30169B85895FB0D6FFDE02D479","E:\????\??-???\images\a3f9fe28871f14bc2c943489e8c770e3a208fb30169b85895fb0d6ffde02d479.png"
"SHA256","A4411560A829337775513058967E71817213A70C15D4834A1831DBEB8EBE534A","E:\????\??-???\images\a4411560a829337775513058967e71817213a70c15d4834a1831dbeb8ebe534a.png"
"SHA256","A44254E6BB3B87E55639C50C6A6AE8A40F261BF76E2C696E7C11F9FD31042E68","E:\????\??-???\images\a44254e6bb3b87e55639c50c6a6ae8a40f261bf76e2c696e7c11f9fd31042e68.png"
"SHA256","A44519E1906FDF682F9516D8909B9871B6E6764D96163DE42969F9CF0D18390F","E:\????\??-???\images\a44519e1906fdf682f9516d8909b9871b6e6764d96163de42969f9cf0d18390f.png"
"SHA256","A493CAF83A8C860AB57FC53D99C8FBC78438B5596EBADCC1D3D6B5D0C7FD8460","E:\????\??-???\images\a493caf83a8c860ab57fc53d99c8fbc78438b5596ebadcc1d3d6b5d0c7fd8460.png"
"SHA256","A4B884A2A7E0894924019C8E23C741D0FE0693AF64EEC6A08F21C6912FDBB0A0","E:\????\??-???\images\a4b884a2a7e0894924019c8e23c741d0fe0693af64eec6a08f21c6912fdbb0a0.png"
"SHA256","A524C5AF33EDC5A68210ADF2687E04AEC302A2A8541EEC7381F41241F0C5ECE8","E:\????\??-???\images\a524c5af33edc5a68210adf2687e04aec302a2a8541eec7381f41241f0c5ece8.png"
"SHA256","A5FA358C54AB1994F91AAABE83EE016D6865698E9D717750F646712B9F39C999","E:\????\??-???\images\a5fa358c54ab1994f91aaabe83ee016d6865698e9d717750f646712b9f39c999.png"
"SHA256","A6220066A2B8F5A4D79CE6B5133252AE5A084D39846F3D9C3D856C51545DF99A","E:\????\??-???\images\a6220066a2b8f5a4d79ce6b5133252ae5a084d39846f3d9c3d856c51545df99a.png"
"SHA256","A6A98DDC20C18DE5F4C87E735B42F78007AC8FEAB5E7338CA8A0FECED154DFC1","E:\????\??-???\images\a6a98ddc20c18de5f4c87e735b42f78007ac8feab5e7338ca8a0feced154dfc1.png"
"SHA256","A6B388193649A6076B4BE7010A4D278799E0690C346B8E8A8003BB9C6F067EBD","E:\????\??-???\images\a6b388193649a6076b4be7010a4d278799e0690c346b8e8a8003bb9c6f067ebd.png"
"SHA256","A703994133DF87398A0F877D00F12C118865631335FC15A59E72DBBAC4ADC203","E:\????\??-???\images\a703994133df87398a0f877d00f12c118865631335fc15a59e72dbbac4adc203.png"
"SHA256","A71E31D68CE510B3CD7000D24C2684B82C028BA82CBAAD8E6A4BBE8AE344A9A0","E:\????\??-???\images\a71e31d68ce510b3cd7000d24c2684b82c028ba82cbaad8e6a4bbe8ae344a9a0.png"
"SHA256","A73F6040C074954DC9692661D81B09C21D16067B0D049BD5C00BB843D54FE199","E:\????\??-???\images\a73f6040c074954dc9692661d81b09c21d16067b0d049bd5c00bb843d54fe199.png"
"SHA256","A77336BADF972C5C32213AC18B75A006B2E2915D35D6DB1A5D341B35211E6F40","E:\????\??-???\images\a77336badf972c5c32213ac18b75a006b2e2915d35d6db1a5d341b35211e6f40.png"
"SHA256","A775A453C1A6A8B958393086D050A9503BF213C9E1EED1595B57B8276653C746","E:\????\??-???\images\a775a453c1a6a8b958393086d050a9503bf213c9e1eed1595b57b8276653c746.png"
"SHA256","A77B0068075690A8F3043EDD8E2D645F3FFFBADA6E9D5645D36773A4EAFF2331","E:\????\??-???\images\a77b0068075690a8f3043edd8e2d645f3fffbada6e9d5645d36773a4eaff2331.png"
"SHA256","A79526D41ADA7DB50182554B17892779B126A79EC5A3CA87646E9CCE630EFFDF","E:\????\??-???\images\a79526d41ada7db50182554b17892779b126a79ec5a3ca87646e9cce630effdf.png"
"SHA256","A7963C1436D353BBFA9277A8FD050929BDBE0B8763DBB153E919D9BBB382FB71","E:\????\??-???\images\a7963c1436d353bbfa9277a8fd050929bdbe0b8763dbb153e919d9bbb382fb71.png"
"SHA256","A7AB76DF4DBA2FEDA258298693C0A28F2924A6B265DCDECF4895EEFD8070DE21","E:\????\??-???\images\a7ab76df4dba2feda258298693c0a28f2924a6b265dcdecf4895eefd8070de21.png"
"SHA256","A7AC1AB7176E0A327ABFB8BDD945565804E33107D837B4B9E83C1ED343F94D74","E:\????\??-???\images\a7ac1ab7176e0a327abfb8bdd945565804e33107d837b4b9e83c1ed343f94d74.png"
"SHA256","A7AC1EAFF650C1CC738A5F166137571141B7295B566F23C7DDFA4CA21F901932","E:\????\??-???\images\a7ac1eaff650c1cc738a5f166137571141b7295b566f23c7ddfa4ca21f901932.png"
"SHA256","A7BC32375D16942DFD789597DF92FBA903F17C47CEB8374FC5E212F4CB39FCD0","E:\????\??-???\images\a7bc32375d16942dfd789597df92fba903f17c47ceb8374fc5e212f4cb39fcd0.png"
"SHA256","A7EB7AC4A58A710309D778E2A61EA39C2343217F4ACED6C502A0744E0E6E3F5F","E:\????\??-???\images\a7eb7ac4a58a710309d778e2a61ea39c2343217f4aced6c502a0744e0e6e3f5f.png"
"SHA256","A83E4A194618582DC32385B6C0DF5E1F771993ED5C4C6DFBB16A5949E873C27F","E:\????\??-???\images\a83e4a194618582dc32385b6c0df5e1f771993ed5c4c6dfbb16a5949e873c27f.png"
"SHA256","A88EE8F53B21F571BF5424D3497B05A0A414640BF9EC0C8E5B885D1F308D03FB","E:\????\??-???\images\a88ee8f53b21f571bf5424d3497b05a0a414640bf9ec0c8e5b885d1f308d03fb.png"
"SHA256","A8B27EC8D38B61E3FF1DB44CC3745A2AC0D273908A315F75549B0957F4C6DA50","E:\????\??-???\images\a8b27ec8d38b61e3ff1db44cc3745a2ac0d273908a315f75549b0957f4c6da50.png"
"SHA256","A8CEDA38F342C98EADE3730F56DB3AAB49E928A69FE423222483FDEECAC45CF8","E:\????\??-???\images\a8ceda38f342c98eade3730f56db3aab49e928a69fe423222483fdeecac45cf8.png"
"SHA256","A8DD3C19A953AC8A9C06231432C43A30A2F740D3703A43EA85E072BE239F96A8","E:\????\??-???\images\a8dd3c19a953ac8a9c06231432c43a30a2f740d3703a43ea85e072be239f96a8.png"
"SHA256","A8FFE309E9E3D3D4BAAC8AD5410C3662F812D6C40B1B953EEB7BB923C9865C3E","E:\????\??-???\images\a8ffe309e9e3d3d4baac8ad5410c3662f812d6c40b1b953eeb7bb923c9865c3e.png"
"SHA256","A9635758C405238C80BEB42E1C6CE367413D0F8842F9B2DCFFDCFEF198B45E03","E:\????\??-???\images\a9635758c405238c80beb42e1c6ce367413d0f8842f9b2dcffdcfef198b45e03.png"
"SHA256","A96372DB1B9363BCE2E8EED187FE0AAF2604B57913012E96BA3B0FA78FDFFAA0","E:\????\??-???\images\a96372db1b9363bce2e8eed187fe0aaf2604b57913012e96ba3b0fa78fdffaa0.png"
"SHA256","AA19422A33DB85D15B39D2F3E18902CFED21C3764FF89B0463D32659E44D8361","E:\????\??-???\images\aa19422a33db85d15b39d2f3e18902cfed21c3764ff89b0463d32659e44d8361.png"
"SHA256","AA64921F98D99B57348ECBAFD39895A3D579F9626AE9008DEFBC05FA62CC3CF6","E:\????\??-???\images\aa64921f98d99b57348ecbafd39895a3d579f9626ae9008defbc05fa62cc3cf6.png"
"SHA256","AA80987C00F7DBFE2E360E53ECDA555432928CBDCF0FA82C71806BFCB3549213","E:\????\??-???\images\aa80987c00f7dbfe2e360e53ecda555432928cbdcf0fa82c71806bfcb3549213.png"
"SHA256","AA9117485CF6B2AE44E0171ED7E851FD9077EB780C630CBDD60E3EE5FE58E5B1","E:\????\??-???\images\aa9117485cf6b2ae44e0171ed7e851fd9077eb780c630cbdd60e3ee5fe58e5b1.png"
"SHA256","AAB9F8F4B56B6E23A31E179B671816CA1FCA1E81B65C670ACC8060212547CE74","E:\????\??-???\images\aab9f8f4b56b6e23a31e179b671816ca1fca1e81b65c670acc8060212547ce74.png"
"SHA256","AACA0DCB88379E4B30BE1CE0BFAE9698465A8E03B9DA40A9D004496E1F6F51A8","E:\????\??-???\images\aaca0dcb88379e4b30be1ce0bfae9698465a8e03b9da40a9d004496e1f6f51a8.png"
"SHA256","AAF7E94BE5DC02CC138CFF1BCCA1366C6322979FA52C43D60B8B12F7E57B8194","E:\????\??-???\images\aaf7e94be5dc02cc138cff1bcca1366c6322979fa52c43d60b8b12f7e57b8194.png"
"SHA256","AB09996213C7C94529379D2DA97255593702E9365F739F58D14A8689FD12F70B","E:\????\??-???\images\ab09996213c7c94529379d2da97255593702e9365f739f58d14a8689fd12f70b.png"
"SHA256","AB27AC2F9E05376EC8DB853E0F43139F2A4688D7DD08AE42CAAB735CA1F79F85","E:\????\??-???\images\ab27ac2f9e05376ec8db853e0f43139f2a4688d7dd08ae42caab735ca1f79f85.png"
"SHA256","AB753A41BC27DDF3722AFBB77264A013B407F1496620A6D24677617862C53EBC","E:\????\??-???\images\ab753a41bc27ddf3722afbb77264a013b407f1496620a6d24677617862c53ebc.png"
"SHA256","AB8F4CF830F2D7855140EFB77354B464EB726E249F0F2AB2CB1FD4CEAE823A8E","E:\????\??-???\images\ab8f4cf830f2d7855140efb77354b464eb726e249f0f2ab2cb1fd4ceae823a8e.png"
"SHA256","ABD6A09D599C726A1E3A1ED340175FA737D8E374F446AF223C03910E844F570B","E:\????\??-???\images\abd6a09d599c726a1e3a1ed340175fa737d8e374f446af223c03910e844f570b.png"
"SHA256","ABE9D66B6A0F3DE3A4E5CA586F4FB8977D8F4DF74AFB248100F241AE0578DBE7","E:\????\??-???\images\abe9d66b6a0f3de3a4e5ca586f4fb8977d8f4df74afb248100f241ae0578dbe7.png"
"SHA256","AC0D2CE5EED728C9FF24D575BAA4861D90487BBE1306ADFFA4A42380F57772A9","E:\????\??-???\images\ac0d2ce5eed728c9ff24d575baa4861d90487bbe1306adffa4a42380f57772a9.png"
"SHA256","AC217A3614A134D95540B1ACE244AB197443CAE4A4188A9C682A934AA13D5EFB","E:\????\??-???\images\ac217a3614a134d95540b1ace244ab197443cae4a4188a9c682a934aa13d5efb.png"
"SHA256","AC49A87FEAD175E310F807697D7012BB0251E5F5CCA75457D85670A2B5C6AE12","E:\????\??-???\images\ac49a87fead175e310f807697d7012bb0251e5f5cca75457d85670a2b5c6ae12.png"
"SHA256","AC4D767F820F68F60B5AEDB2CDC768680B02BA2AA1F0B9D1F27A40EECAE93389","E:\????\??-???\images\ac4d767f820f68f60b5aedb2cdc768680b02ba2aa1f0b9d1f27a40eecae93389.png"
"SHA256","AC50F533A5B380B8FEA06B680E8356C75E97AEA2C8005B2864A10064E41384C8","E:\????\??-???\images\ac50f533a5b380b8fea06b680e8356c75e97aea2c8005b2864a10064e41384c8.png"
"SHA256","ACB4A405D56EF3291BB840E7A282D65F31138ACADED233F5AEA5D01E9CC719DE","E:\????\??-???\images\acb4a405d56ef3291bb840e7a282d65f31138acaded233f5aea5d01e9cc719de.png"
"SHA256","ACC4197853A0327BDDDDFE6263AC4E661C4BC232DA866706FA2F45A90C3D3F27","E:\????\??-???\images\acc4197853a0327bddddfe6263ac4e661c4bc232da866706fa2f45a90c3d3f27.png"
"SHA256","ACCA13AC829C759A7E5D67BF07235EF36870DFD994CC14982D0857CEF97999FF","E:\????\??-???\images\acca13ac829c759a7e5d67bf07235ef36870dfd994cc14982d0857cef97999ff.png"
"SHA256","AD01B4CD1874DF6835A66EFB287A9983F19C1C1B25E296952ADB59BB84C66B01","E:\????\??-???\images\ad01b4cd1874df6835a66efb287a9983f19c1c1b25e296952adb59bb84c66b01.png"
"SHA256","AD7446AD7ABCBE8A7FDF09D73A8065CFD146DFCE149B016A56F2F289B904113A","E:\????\??-???\images\ad7446ad7abcbe8a7fdf09d73a8065cfd146dfce149b016a56f2f289b904113a.png"
"SHA256","AD7B3E199689B0F7E8396FA34B977C9FCF4BDD1D88EF7ED13F00B1D5D44C82BA","E:\????\??-???\images\ad7b3e199689b0f7e8396fa34b977c9fcf4bdd1d88ef7ed13f00b1d5d44c82ba.png"
"SHA256","AD881EA152B4313549556A65AA17B761751EE4C5AD7A83114F49A69D686D1AFA","E:\????\??-???\images\ad881ea152b4313549556a65aa17b761751ee4c5ad7a83114f49a69d686d1afa.png"
"SHA256","ADAF2EF974DE5D6F05CB144B74C1A431CC951B8799BC39ACC3085EA0A117B4E9","E:\????\??-???\images\adaf2ef974de5d6f05cb144b74c1a431cc951b8799bc39acc3085ea0a117b4e9.png"
"SHA256","AE0139FBAF8B818D19BE7BDEA38207ABEF3282AAA7D3005F70272DEABC69F5AC","E:\????\??-???\images\ae0139fbaf8b818d19be7bdea38207abef3282aaa7d3005f70272deabc69f5ac.png"
"SHA256","AE0FC78C0E86CD5835BF309477302B07C721A3B8D98B136932F3E8AA81E9A73B","E:\????\??-???\images\ae0fc78c0e86cd5835bf309477302b07c721a3b8d98b136932f3e8aa81e9a73b.png"
"SHA256","AE5FF8C7ED7F5EBF847016160876B566F1C08F79A82D6EF2925527380F6B46CF","E:\????\??-???\images\ae5ff8c7ed7f5ebf847016160876b566f1c08f79a82d6ef2925527380f6b46cf.png"
"SHA256","AEB50883A70DFB2C541D15ED8406A9AC9F81D5167ED707E0F4435757153564B4","E:\????\??-???\images\aeb50883a70dfb2c541d15ed8406a9ac9f81d5167ed707e0f4435757153564b4.png"
"SHA256","AEE272D699E95D1EBE4BF7B1682CBEBE1D823CB66382AC3C9BCF495CCFC90A6C","E:\????\??-???\images\aee272d699e95d1ebe4bf7b1682cbebe1d823cb66382ac3c9bcf495ccfc90a6c.png"
"SHA256","AEE7D2B0419285E917272EFFAD1EBED664BD1AC3FDF05D6695C71F72C9729017","E:\????\??-???\images\aee7d2b0419285e917272effad1ebed664bd1ac3fdf05d6695c71f72c9729017.png"
"SHA256","AF04F2B25A8341AB430AB91155CA654F8665EF20D1613433668683D0717500E6","E:\????\??-???\images\af04f2b25a8341ab430ab91155ca654f8665ef20d1613433668683d0717500e6.png"
"SHA256","AF51EEECE9F9BB35C77CEC7EC281F31F6D731B14D7657A6C389640F0CEA69C83","E:\????\??-???\images\af51eeece9f9bb35c77cec7ec281f31f6d731b14d7657a6c389640f0cea69c83.png"
"SHA256","AFC494968C45F9420436686B33BBE61E1C2A35CE4C7A3C96A7648B0E35E89B2A","E:\????\??-???\images\afc494968c45f9420436686b33bbe61e1c2a35ce4c7a3c96a7648b0e35e89b2a.png"
"SHA256","AFDCEAFF40942CB8780EF2F4D6F2E6785566966BE79160A57D669E567AB92272","E:\????\??-???\images\afdceaff40942cb8780ef2f4d6f2e6785566966be79160a57d669e567ab92272.png"
"SHA256","AFE0163FD810BE46880451E622A540AF23D1E56DA00CED65E00045520A1E9DA9","E:\????\??-???\images\afe0163fd810be46880451e622a540af23d1e56da00ced65e00045520a1e9da9.png"
"SHA256","B060D5804164725C714D6B6953E91475D3B140CCA181F6AD6A444D5C4659186C","E:\????\??-???\images\b060d5804164725c714d6b6953e91475d3b140cca181f6ad6a444d5c4659186c.png"
"SHA256","B0A6C12AB4F8BE4128898B7F85D8DFB8BA844F87E82398901CF63E3BCAAEE545","E:\????\??-???\images\b0a6c12ab4f8be4128898b7f85d8dfb8ba844f87e82398901cf63e3bcaaee545.png"
"SHA256","B0C6A5156888D5C34F9F4510CF0CAB54C6069DCC24800B88FAF7C0DCBDEE24A4","E:\????\??-???\images\b0c6a5156888d5c34f9f4510cf0cab54c6069dcc24800b88faf7c0dcbdee24a4.png"
"SHA256","B101EA42EAAFD2F604DE485C1259E97F0B5E81321B802658CFB6D1F4D2889326","E:\????\??-???\images\b101ea42eaafd2f604de485c1259e97f0b5e81321b802658cfb6d1f4d2889326.png"
"SHA256","B14CD10674B2C442186C2EA11612A0BD89A1696DD333574A56D7178BF7A35EB2","E:\????\??-???\images\b14cd10674b2c442186c2ea11612a0bd89a1696dd333574a56d7178bf7a35eb2.png"
"SHA256","B15A557963FA443A1D82AE9F9A270C6B70B2D6C4094FC1321D555407B113080A","E:\????\??-???\images\b15a557963fa443a1d82ae9f9a270c6b70b2d6c4094fc1321d555407b113080a.png"
"SHA256","B187C785F7432CAE22857A6A8B6A0C6A515A57A2AFA24FFB862C13329FDA7FA4","E:\????\??-???\images\b187c785f7432cae22857a6a8b6a0c6a515a57a2afa24ffb862c13329fda7fa4.png"
"SHA256","B1C4115EC62769184B16802665AD5818B8408F88B56885370FA24692F0F38552","E:\????\??-???\images\b1c4115ec62769184b16802665ad5818b8408f88b56885370fa24692f0f38552.png"
"SHA256","B1FCFDC557F27B1B7DCB3D993164063CAA58B912665FCBF15CDFCE80E500E9CF","E:\????\??-???\images\b1fcfdc557f27b1b7dcb3d993164063caa58b912665fcbf15cdfce80e500e9cf.png"
"SHA256","B21D231D4EB978BD11946DBA892773800FE9F79108AC3066F84DAE7A4266D0A4","E:\????\??-???\images\b21d231d4eb978bd11946dba892773800fe9f79108ac3066f84dae7a4266d0a4.png"
"SHA256","B22D396D5848CE50012104BFC05EF496D33437D640910016793C317BF0102FD7","E:\????\??-???\images\b22d396d5848ce50012104bfc05ef496d33437d640910016793c317bf0102fd7.png"
"SHA256","B262C89351DAF888AE0A0473A53DA378534A6167EC13C46E25E18FA4C42B9FDF","E:\????\??-???\images\b262c89351daf888ae0a0473a53da378534a6167ec13c46e25e18fa4c42b9fdf.png"
"SHA256","B2D38AC7FEE80D1FBCE1019C88D9C216D640A00520359540427568148783C050","E:\????\??-???\images\b2d38ac7fee80d1fbce1019c88d9c216d640a00520359540427568148783c050.png"
"SHA256","B33EA79B5880EFACDBC34FBB9D5045E9881DC31CC976FCB5C941D94171CC3B23","E:\????\??-???\images\b33ea79b5880efacdbc34fbb9d5045e9881dc31cc976fcb5c941d94171cc3b23.png"
"SHA256","B3CE9C0410EC08F599D6993CA5550BF9E09CBBE8BB00A69225073334A2BAB30B","E:\????\??-???\images\b3ce9c0410ec08f599d6993ca5550bf9e09cbbe8bb00a69225073334a2bab30b.png"
"SHA256","B3D4429A8B12A7E89DCA098C38A272DF59194DB6E8A632CD50284A4C97DE0CD2","E:\????\??-???\images\b3d4429a8b12a7e89dca098c38a272df59194db6e8a632cd50284a4c97de0cd2.png"
"SHA256","B43580267CB12BDB0F932CC3E8F4CE3240C07FFAC6A69707EFF968B7F62DE9BD","E:\????\??-???\images\b43580267cb12bdb0f932cc3e8f4ce3240c07ffac6a69707eff968b7f62de9bd.png"
"SHA256","B496F19C225E4E583FCD40767E9F39A8AB717F8E2BF756B72F22B2E6BC81F279","E:\????\??-???\images\b496f19c225e4e583fcd40767e9f39a8ab717f8e2bf756b72f22b2e6bc81f279.png"
"SHA256","B5841A4AB436722A23D6ADC5FC0DC47E8BE7531ED0AC16700941748DB9350566","E:\????\??-???\images\b5841a4ab436722a23d6adc5fc0dc47e8be7531ed0ac16700941748db9350566.png"
"SHA256","B5D4E9D8842F62FA19B7F3645770D1BB91922ED9C812A0E866FB8DC9029D7589","E:\????\??-???\images\b5d4e9d8842f62fa19b7f3645770d1bb91922ed9c812a0e866fb8dc9029d7589.png"
"SHA256","B60BA8DFEE1C32CD6071A09E8CEB4DE45728D08B3EC08A7B1D3A2A65C516296B","E:\????\??-???\images\b60ba8dfee1c32cd6071a09e8ceb4de45728d08b3ec08a7b1d3a2a65c516296b.png"
"SHA256","B618CB7F98EE62A868D2408F6DD4762070D406007F4570D508932C8589CAE05C","E:\????\??-???\images\b618cb7f98ee62a868d2408f6dd4762070d406007f4570d508932c8589cae05c.png"
"SHA256","B62F27F1E0B54183B3F8336D495FB0867027CF94AD24AAE366271CBDE4431A40","E:\????\??-???\images\b62f27f1e0b54183b3f8336d495fb0867027cf94ad24aae366271cbde4431a40.png"
"SHA256","B68EAE01D7AA8D9E38DCD7375EEB208F9C717C354B8B532B20E30716D43F7FD2","E:\????\??-???\images\b68eae01d7aa8d9e38dcd7375eeb208f9c717c354b8b532b20e30716d43f7fd2.png"
"SHA256","B6E880E706F551DD1CD6A3927B39D0236284570AAF34627F02F5A8272C38AE44","E:\????\??-???\images\b6e880e706f551dd1cd6a3927b39d0236284570aaf34627f02f5a8272c38ae44.png"
"SHA256","B706FF448BF53EBAC3AE294750991913BCAAC5AE48D37989EA9019BFC85CA2E2","E:\????\??-???\images\b706ff448bf53ebac3ae294750991913bcaac5ae48d37989ea9019bfc85ca2e2.png"
"SHA256","B72CA960AA75DB53C960ACF6F35A7F018C89AD74D04890090103167ABBD1842C","E:\????\??-???\images\b72ca960aa75db53c960acf6f35a7f018c89ad74d04890090103167abbd1842c.png"
"SHA256","B7708989C63F270BE12255E3B5BE5DBB84188890AA7F4CFF7EC3D910F85635FB","E:\????\??-???\images\b7708989c63f270be12255e3b5be5dbb84188890aa7f4cff7ec3d910f85635fb.png"
"SHA256","B7761A61E9D8702CA48F6CC45B9A903B7FB64D34D9D3846EA8D763A928C9AC7E","E:\????\??-???\images\b7761a61e9d8702ca48f6cc45b9a903b7fb64d34d9d3846ea8d763a928c9ac7e.png"
"SHA256","B7E3BA01A4B41C2501C694FDB219F8B529BA028D297CCB383347CAD7B7263D9A","E:\????\??-???\images\b7e3ba01a4b41c2501c694fdb219f8b529ba028d297ccb383347cad7b7263d9a.png"
"SHA256","B7E4A3E6EC938DB7FDFB76E6596BA7A04C5CA38BB53567CB2A21EDCCF79B5AD1","E:\????\??-???\images\b7e4a3e6ec938db7fdfb76e6596ba7a04c5ca38bb53567cb2a21edccf79b5ad1.png"
"SHA256","B7E51005B4F5524A6D335B14BDF284FB8F4C33BDC4666E93AD8DB5FDE83D4D2D","E:\????\??-???\images\b7e51005b4f5524a6d335b14bdf284fb8f4c33bdc4666e93ad8db5fde83d4d2d.png"
"SHA256","B7F94C4FB2200074134954B384AF7765806D2CD9B047EB82687BA81C75DE4FC7","E:\????\??-???\images\b7f94c4fb2200074134954b384af7765806d2cd9b047eb82687ba81c75de4fc7.png"
"SHA256","B84DE62C82FE1D0EFD5EA0D907E2D8B17F7086B2770C4320F2EDF925A9922641","E:\????\??-???\images\b84de62c82fe1d0efd5ea0d907e2d8b17f7086b2770c4320f2edf925a9922641.png"
"SHA256","B8926B4142E7FB4DA580F8774037E7C4C4285526EBA23E320A23217AD41AD066","E:\????\??-???\images\b8926b4142e7fb4da580f8774037e7c4c4285526eba23e320a23217ad41ad066.png"
"SHA256","B8A0206A27F39723A73528DF0453AC95273D7A9005EB244DD32880CDF235AEC4","E:\????\??-???\images\b8a0206a27f39723a73528df0453ac95273d7a9005eb244dd32880cdf235aec4.png"
"SHA256","B9066FB8CA30A1F0CC3A1C6F97610E70D73804D5424351D02610F3240B525F5C","E:\????\??-???\images\b9066fb8ca30a1f0cc3a1c6f97610e70d73804d5424351d02610f3240b525f5c.png"
"SHA256","B90F78AC31D5D9B3DB79B24DA3CCF8A714EEC8690AA7A561D0A20E6FD53BF00E","E:\????\??-???\images\b90f78ac31d5d9b3db79b24da3ccf8a714eec8690aa7a561d0a20e6fd53bf00e.png"
"SHA256","B91BD777A0B8955027CB7C8BBED69ED78043236D7D2EF5D92701BE2499296550","E:\????\??-???\images\b91bd777a0b8955027cb7c8bbed69ed78043236d7d2ef5d92701be2499296550.png"
"SHA256","B931A72501C96855190DF4E777C438D6791AC79CF9E30F86E68844A6761CF681","E:\????\??-???\images\b931a72501c96855190df4e777c438d6791ac79cf9e30f86e68844a6761cf681.png"
"SHA256","B976CC415AE067BD97367BD6565138F3EA9EC7D8D1D5AC19B3B61FF95AC3D62A","E:\????\??-???\images\b976cc415ae067bd97367bd6565138f3ea9ec7d8d1d5ac19b3b61ff95ac3d62a.png"
"SHA256","B97D2A64EE97541D600F6D6CF16D9E8ABD0BF1834A105857A66DC93E73106057","E:\????\??-???\images\b97d2a64ee97541d600f6d6cf16d9e8abd0bf1834a105857a66dc93e73106057.png"
"SHA256","BA09EC8CF409F0E11CF4EE9E82DC23FBE43F4773C270F15013E2D9A4FC2E0760","E:\????\??-???\images\ba09ec8cf409f0e11cf4ee9e82dc23fbe43f4773c270f15013e2d9a4fc2e0760.png"
"SHA256","BA0A3930DBF6CFAC4B152ADF965D3F0350570A867B33523BEB5C4DCBD073D05D","E:\????\??-???\images\ba0a3930dbf6cfac4b152adf965d3f0350570a867b33523beb5c4dcbd073d05d.png"
"SHA256","BA4B65B9245145CBA14A94BF8CE01784D6B3C470B605AD5880301A8390731D6F","E:\????\??-???\images\ba4b65b9245145cba14a94bf8ce01784d6b3c470b605ad5880301a8390731d6f.png"
"SHA256","BA804D9358ED8FFB887977B4B12744BCDF50859F888C7920BFA9649DFFE69C0B","E:\????\??-???\images\ba804d9358ed8ffb887977b4b12744bcdf50859f888c7920bfa9649dffe69c0b.png"
"SHA256","BB07F0F987ECFB474C34E3C9926CCAC870A87681DBE59D6604947A17BFFE300A","E:\????\??-???\images\bb07f0f987ecfb474c34e3c9926ccac870a87681dbe59d6604947a17bffe300a.png"
"SHA256","BB09D27AF0314868426422A5B7FE68E1F55529E9976C63B4B0A8CAD22FFC81DC","E:\????\??-???\images\bb09d27af0314868426422a5b7fe68e1f55529e9976c63b4b0a8cad22ffc81dc.png"
"SHA256","BB926D53F8C8BD0D161B5A66A3CBABB91B707D6BBECA8EBFCC54A1DAAD08DE73","E:\????\??-???\images\bb926d53f8c8bd0d161b5a66a3cbabb91b707d6bbeca8ebfcc54a1daad08de73.png"
"SHA256","BBD36598DBFFAC4E23BCCFDAE25150083DBCD22D671EFA46ACA4D5EA5B2E0EC6","E:\????\??-???\images\bbd36598dbffac4e23bccfdae25150083dbcd22d671efa46aca4d5ea5b2e0ec6.png"
"SHA256","BBF913A877999FBCEDEAD8E14BB2ACDF9358C47B0FF5A0E96DCBBF7814496B0A","E:\????\??-???\images\bbf913a877999fbcedead8e14bb2acdf9358c47b0ff5a0e96dcbbf7814496b0a.png"
"SHA256","BC34819381E52B78327171C25F145E9C820CCE1D691DD072B59B377064257250","E:\????\??-???\images\bc34819381e52b78327171c25f145e9c820cce1d691dd072b59b377064257250.png"
"SHA256","BC36A44FB6D774C9537CC4F5680B6710D79E7250E52190B3DDDB9948CD1620DA","E:\????\??-???\images\bc36a44fb6d774c9537cc4f5680b6710d79e7250e52190b3dddb9948cd1620da.png"
"SHA256","BC90D55C9DD6A0C6DE56FBE11CEFB8EE4070E7CC6250B782902FBC798353F4D1","E:\????\??-???\images\bc90d55c9dd6a0c6de56fbe11cefb8ee4070e7cc6250b782902fbc798353f4d1.png"
"SHA256","BC92E6A9CF436B3DC2409876F0CD18CB2FE510EEA83B831F41759687E1BC6289","E:\????\??-???\images\bc92e6a9cf436b3dc2409876f0cd18cb2fe510eea83b831f41759687e1bc6289.png"
"SHA256","BCA1F23280F99545709396CDE47E319B9FCE54CD8941F144F1171C955BF59B66","E:\????\??-???\images\bca1f23280f99545709396cde47e319b9fce54cd8941f144f1171c955bf59b66.png"
"SHA256","BCFE6E0D396EC505EE15374D7792644BF504C41F64C9C5343FEA347594553377","E:\????\??-???\images\bcfe6e0d396ec505ee15374d7792644bf504c41f64c9c5343fea347594553377.png"
"SHA256","BD1083DF7899F52B4AF98F5CBFE535A2547D2C7898598F5EAC7DD3041A4D1D00","E:\????\??-???\images\bd1083df7899f52b4af98f5cbfe535a2547d2c7898598f5eac7dd3041a4d1d00.png"
"SHA256","BD8A87528F02C614522728C0F27918952C59582F1A0EAB37F570CE033F2F71D9","E:\????\??-???\images\bd8a87528f02c614522728c0f27918952c59582f1a0eab37f570ce033f2f71d9.png"
"SHA256","BD9EA5887E9280B185ACA8E154038EDC77255026A7768ECF514F4B09AB1E868B","E:\????\??-???\images\bd9ea5887e9280b185aca8e154038edc77255026a7768ecf514f4b09ab1e868b.png"
"SHA256","BDA2070784CE75F4AE8902CFA0EBD65685C19C9A59DCD083B5B3943DD5F940B2","E:\????\??-???\images\bda2070784ce75f4ae8902cfa0ebd65685c19c9a59dcd083b5b3943dd5f940b2.png"
"SHA256","BE0BCC10E37C4689241C8E5E689ECC1C8A432C0E7487945A109A6ACD9C2176A3","E:\????\??-???\images\be0bcc10e37c4689241c8e5e689ecc1c8a432c0e7487945a109a6acd9c2176a3.png"
"SHA256","BE45EF61077997C42D1BC8E582FDB7518A87A37255EA8B05C96FD521C1C9040D","E:\????\??-???\images\be45ef61077997c42d1bc8e582fdb7518a87a37255ea8b05c96fd521c1c9040d.png"
"SHA256","BE8615237A8033D41E7FC6BD1F95936CDE89BB968298AB8718B68B08E459B5A0","E:\????\??-???\images\be8615237a8033d41e7fc6bd1f95936cde89bb968298ab8718b68b08e459b5a0.png"
"SHA256","BED143D71567D273FB4A01837A669670E5687434FF37BD02B88043FFD65D97EA","E:\????\??-???\images\bed143d71567d273fb4a01837a669670e5687434ff37bd02b88043ffd65d97ea.png"
"SHA256","BEDCA21447F3AD6CF19AAEAB1DF1B8821FD5BF45C8DC8F4B79381ABC66A9E812","E:\????\??-???\images\bedca21447f3ad6cf19aaeab1df1b8821fd5bf45c8dc8f4b79381abc66a9e812.png"
"SHA256","BEDCFDD984E2A392B23D029272EE274DDBAC325CC2F5CDA8322ACE7E9D73B74B","E:\????\??-???\images\bedcfdd984e2a392b23d029272ee274ddbac325cc2f5cda8322ace7e9d73b74b.png"
"SHA256","BF147C2A6B8EC35D5A39A4872E01289CCC9ED7AA7DFBAB28EBB4393D07EBB3C2","E:\????\??-???\images\bf147c2a6b8ec35d5a39a4872e01289ccc9ed7aa7dfbab28ebb4393d07ebb3c2.png"
"SHA256","BF19BC9C6FEE956A14C80349DF18B5B7CCC0DE3BAE3B12E34EF7A6DDED2B379C","E:\????\??-???\images\bf19bc9c6fee956a14c80349df18b5b7ccc0de3bae3b12e34ef7a6dded2b379c.png"
"SHA256","BF23D830BC5B56510DB29AFAAB98ABF473D71B46B867107D5F16A1D578C51489","E:\????\??-???\images\bf23d830bc5b56510db29afaab98abf473d71b46b867107d5f16a1d578c51489.png"
"SHA256","BFA303FE62234B53EC02CAE085B9C80C112781DEBB6E149C7A683422ABD03292","E:\????\??-???\images\bfa303fe62234b53ec02cae085b9c80c112781debb6e149c7a683422abd03292.png"
"SHA256","BFA82B4BED75BF1806B0925A7F652DB28F92BE85D6785BF1AA5A62F3D5DF8FFC","E:\????\??-???\images\bfa82b4bed75bf1806b0925a7f652db28f92be85d6785bf1aa5a62f3d5df8ffc.png"
"SHA256","BFAD75006E80908723D9F90DFB14A87645A2DD754EEEC43B8CF64C42F92107F6","E:\????\??-???\images\bfad75006e80908723d9f90dfb14a87645a2dd754eeec43b8cf64c42f92107f6.png"
"SHA256","BFC88F2BCB333EA7376BE7969DA9E6EECEA3AD6E57D51983BB12F82A83C52B49","E:\????\??-???\images\bfc88f2bcb333ea7376be7969da9e6eecea3ad6e57d51983bb12f82a83c52b49.png"
"SHA256","BFD91B48F9FEAB827EFABA72512D93CAAFB9B1E1254B86984A527A2ACA81A768","E:\????\??-???\images\bfd91b48f9feab827efaba72512d93caafb9b1e1254b86984a527a2aca81a768.png"
"SHA256","C013CD8E066319DF876270447A1DFAB5780A69A6043CA598D98B6AB92B1DC7D1","E:\????\??-???\images\c013cd8e066319df876270447a1dfab5780a69a6043ca598d98b6ab92b1dc7d1.png"
"SHA256","C04E37E8CF43B978F10B0C4B35B4A97CFEB7FFBDB1CC131AC872A58EA238138B","E:\????\??-???\images\c04e37e8cf43b978f10b0c4b35b4a97cfeb7ffbdb1cc131ac872a58ea238138b.png"
"SHA256","C0CE77F5201C3705D35F8B209A37765E2BF82383773526FB01ED0E2D6526E597","E:\????\??-???\images\c0ce77f5201c3705d35f8b209a37765e2bf82383773526fb01ed0e2d6526e597.png"
"SHA256","C116B113C1031C74C448F6A86E47DA6FC53BF5B8504DD12E98559412ACE4DF2F","E:\????\??-???\images\c116b113c1031c74c448f6a86e47da6fc53bf5b8504dd12e98559412ace4df2f.png"
"SHA256","C166CA9096142D5936B7DC37A80A7968D2064FFACC1C0A88FA2FFA7710B0BA5A","E:\????\??-???\images\c166ca9096142d5936b7dc37a80a7968d2064ffacc1c0a88fa2ffa7710b0ba5a.png"
"SHA256","C168E8E3449E8D383D841A78A26822CEC0FFE4336E0805FFBD2CC2C7B387FD89","E:\????\??-???\images\c168e8e3449e8d383d841a78a26822cec0ffe4336e0805ffbd2cc2c7b387fd89.png"
"SHA256","C18082B4AD78337B59DC0BC391B85B2F6165BB36A1D3A31B32CB22EF652EC47D","E:\????\??-???\images\c18082b4ad78337b59dc0bc391b85b2f6165bb36a1d3a31b32cb22ef652ec47d.png"
"SHA256","C19E94D3CAC38855DF8D7E0B65C91228E62AE8640DDB925E12942019872699FD","E:\????\??-???\images\c19e94d3cac38855df8d7e0b65c91228e62ae8640ddb925e12942019872699fd.png"
"SHA256","C1B02107EF1250D16B0B4BA2C53EA54ABE5057B6D09FF21F75EE7151E4AA695C","E:\????\??-???\images\c1b02107ef1250d16b0b4ba2c53ea54abe5057b6d09ff21f75ee7151e4aa695c.png"
"SHA256","C1E6C499B5EC77CE5738AF6EAF240C211AA9CB7493E96F00F55F797F2CA3AE66","E:\????\??-???\images\c1e6c499b5ec77ce5738af6eaf240c211aa9cb7493e96f00f55f797f2ca3ae66.png"
"SHA256","C2164809377E7FCA934C7741DFEF77D53A1B442316C4B5CCA777D8E0ACBBAD58","E:\????\??-???\images\c2164809377e7fca934c7741dfef77d53a1b442316c4b5cca777d8e0acbbad58.png"
"SHA256","C222234A7A8387ECDC3F34907DBF80B08CB7BA1E4AFC9EB1C5CC015D396430FC","E:\????\??-???\images\c222234a7a8387ecdc3f34907dbf80b08cb7ba1e4afc9eb1c5cc015d396430fc.png"
"SHA256","C23AABB7C252E0F3009F2855ED868378FCAAF5A6055E7A455D48DC55942E3DD7","E:\????\??-???\images\c23aabb7c252e0f3009f2855ed868378fcaaf5a6055e7a455d48dc55942e3dd7.png"
"SHA256","C2512F01C7DB6F22848A4BDA00D0098412CCB9BF7485E361A1F8B191D93AED5C","E:\????\??-???\images\c2512f01c7db6f22848a4bda00d0098412ccb9bf7485e361a1f8b191d93aed5c.png"
"SHA256","C28B861265FDB27BA907B16205B2A419B9C82ECB1E74AAAB115BEC0811A6DFA1","E:\????\??-???\images\c28b861265fdb27ba907b16205b2a419b9c82ecb1e74aaab115bec0811a6dfa1.png"
"SHA256","C28C6B59C5CD78916AE55EB29353417ED0424F5002B03035535676F6A5D10525","E:\????\??-???\images\c28c6b59c5cd78916ae55eb29353417ed0424f5002b03035535676f6a5d10525.png"
"SHA256","C297991A4A89D0444867172077ADB88D745FDD4829877080301F5BFD4438484D","E:\????\??-???\images\c297991a4a89d0444867172077adb88d745fdd4829877080301f5bfd4438484d.png"
"SHA256","C29ADB5BA3E64BAF059EC7A028114325434C7F14CD07101226A1E7A6A5E73FF1","E:\????\??-???\images\c29adb5ba3e64baf059ec7a028114325434c7f14cd07101226a1e7a6a5e73ff1.png"
"SHA256","C29F753359F0E1BC34795ACE4C35530A37E7E7B0EC72F3FB7D0EF11E800846E3","E:\????\??-???\images\c29f753359f0e1bc34795ace4c35530a37e7e7b0ec72f3fb7d0ef11e800846e3.png"
"SHA256","C2CBC68F7743B4BF8C5B0797CDBA37A8626B77A5E9120E784E7696CAD9ED3CCE","E:\????\??-???\images\c2cbc68f7743b4bf8c5b0797cdba37a8626b77a5e9120e784e7696cad9ed3cce.png"
"SHA256","C2D6C7B312D4CC72F7EB5425717D8642D9F6F2616689B073CFD23957C46D6758","E:\????\??-???\images\c2d6c7b312d4cc72f7eb5425717d8642d9f6f2616689b073cfd23957c46d6758.png"
"SHA256","C2F8E4D7D04540DE321DE04AA28D78C538A9C990B1F4D300AB20008BB3647E33","E:\????\??-???\images\c2f8e4d7d04540de321de04aa28d78c538a9c990b1f4d300ab20008bb3647e33.png"
"SHA256","C316531FA4D471D5A9235D6EC55E9A55A1C5274758B3FBF91482CC4568E23324","E:\????\??-???\images\c316531fa4d471d5a9235d6ec55e9a55a1c5274758b3fbf91482cc4568e23324.png"
"SHA256","C33279C0CC9CD5273AB703C1B7329DA68E7686E55A44140ECDD81C07E81B59F5","E:\????\??-???\images\c33279c0cc9cd5273ab703c1b7329da68e7686e55a44140ecdd81c07e81b59f5.png"
"SHA256","C361980854FB7572411A20E66D0638B554816F65CE0F438B21CB689E80EE0BC2","E:\????\??-???\images\c361980854fb7572411a20e66d0638b554816f65ce0f438b21cb689e80ee0bc2.png"
"SHA256","C367D7D33A7F6BCBF71D9510BBEC564DC8C79A727AFAB6404C5304CF67F2786D","E:\????\??-???\images\c367d7d33a7f6bcbf71d9510bbec564dc8c79a727afab6404c5304cf67f2786d.png"
"SHA256","C3F4C072A35352E4FA06A3C37FDD14243B4D6EDEB2037CB44F1201246A832209","E:\????\??-???\images\c3f4c072a35352e4fa06a3c37fdd14243b4d6edeb2037cb44f1201246a832209.png"
"SHA256","C42DB12FCF93D9E1AA28418A685617CCC13948129D4C3C54C7DA3216FC5803CD","E:\????\??-???\images\c42db12fcf93d9e1aa28418a685617ccc13948129d4c3c54c7da3216fc5803cd.png"
"SHA256","C44A342D0DF51904DEB2926B8489848B56C73A3FDB89C5AC3CD39B5FCB502CC9","E:\????\??-???\images\c44a342d0df51904deb2926b8489848b56c73a3fdb89c5ac3cd39b5fcb502cc9.png"
"SHA256","C455580CEBE7F40CB1CAE3CA738F6B23D0D10F347FC2232C98425F04CEB296DB","E:\????\??-???\images\c455580cebe7f40cb1cae3ca738f6b23d0d10f347fc2232c98425f04ceb296db.png"
"SHA256","C470B2922EF2E819A0EACBB17A20BB1A281ED4F323E52D11D7B5E741E7CCB82D","E:\????\??-???\images\c470b2922ef2e819a0eacbb17a20bb1a281ed4f323e52d11d7b5e741e7ccb82d.png"
"SHA256","C4BB75902881DBE25994ACCC4DAAB394E9D96B8F377CE17A57A76E3AB0B746F8","E:\????\??-???\images\c4bb75902881dbe25994accc4daab394e9d96b8f377ce17a57a76e3ab0b746f8.png"
"SHA256","C4BE9CC93C51BE2DADA5CFEB1BB35C951086185EE6A2F91D79AA420B18343D11","E:\????\??-???\images\c4be9cc93c51be2dada5cfeb1bb35c951086185ee6a2f91d79aa420b18343d11.png"
"SHA256","C4D87FDBF51CB5E1F418751C4D2EB3BB3BE13311E75EA12C65BE23E5A38DBE36","E:\????\??-???\images\c4d87fdbf51cb5e1f418751c4d2eb3bb3be13311e75ea12c65be23e5a38dbe36.png"
"SHA256","C509CAAC4EBE58C31445B014EAEA8A1F96496A7D2B4597BE896CF661A52E1D6A","E:\????\??-???\images\c509caac4ebe58c31445b014eaea8a1f96496a7d2b4597be896cf661a52e1d6a.png"
"SHA256","C5131C2C8A6B1BA748FC67E7DF42EF33C6335180D0103D8B409C1B7BD159CA2B","E:\????\??-???\images\c5131c2c8a6b1ba748fc67e7df42ef33c6335180d0103d8b409c1b7bd159ca2b.png"
"SHA256","C536DC93A28780700337094DD109A17B0C24B5F5F7F53F9203048737B6B02AF2","E:\????\??-???\images\c536dc93a28780700337094dd109a17b0c24b5f5f7f53f9203048737b6b02af2.png"
"SHA256","C5539377A0013882C1A2AD6C9C2E050E401E0CEA92C316EE780360D19BF0EB78","E:\????\??-???\images\c5539377a0013882c1a2ad6c9c2e050e401e0cea92c316ee780360d19bf0eb78.png"
"SHA256","C56DB50ACFC0245C08BCF9ECED75F4FD3B593B8BBE02B52418009148529A4E71","E:\????\??-???\images\c56db50acfc0245c08bcf9eced75f4fd3b593b8bbe02b52418009148529a4e71.png"
"SHA256","C593134046EA5A471B3FAEC6EA24742FADB53A89699A87E92B69ED444526D820","E:\????\??-???\images\c593134046ea5a471b3faec6ea24742fadb53a89699a87e92b69ed444526d820.png"
"SHA256","C59502B8F728C80D284FB77FAB3E07E1C5B84C64EA5637CC0D6D64A34B167B57","E:\????\??-???\images\c59502b8f728c80d284fb77fab3e07e1c5b84c64ea5637cc0d6d64a34b167b57.png"
"SHA256","C61BBD8174CE6D52DE77F84333AC49F58B7AFA0848B2CA1AE5EC14A1BE78B284","E:\????\??-???\images\c61bbd8174ce6d52de77f84333ac49f58b7afa0848b2ca1ae5ec14a1be78b284.png"
"SHA256","C628A3906A28743993A2E4DD4B03ACE85CC76EC49857A9F046D9EC9F615A66BE","E:\????\??-???\images\c628a3906a28743993a2e4dd4b03ace85cc76ec49857a9f046d9ec9f615a66be.png"
"SHA256","C65C30190D9207E6CF6E0FB1F3F95273DD774ED1D40EDBCD9504E94F0160F4D3","E:\????\??-???\images\c65c30190d9207e6cf6e0fb1f3f95273dd774ed1d40edbcd9504e94f0160f4d3.png"
"SHA256","C6755801B904475A42ABEACB4376BA85DFDC580FC7AD35F9DDF36A92ACC51C00","E:\????\??-???\images\c6755801b904475a42abeacb4376ba85dfdc580fc7ad35f9ddf36a92acc51c00.png"
"SHA256","C7223A4BAF6811B031ADBCBFD1F3DF008DDAF871007BD88897C161F450471B1F","E:\????\??-???\images\c7223a4baf6811b031adbcbfd1f3df008ddaf871007bd88897c161f450471b1f.png"
"SHA256","C7B1F2D3DD52743242951345C7303F494053C8832176837F9E2CD37630A6F973","E:\????\??-???\images\c7b1f2d3dd52743242951345c7303f494053c8832176837f9e2cd37630a6f973.png"
"SHA256","C7D869EF151A93F1514E861DCB630BB6BCDF95437B2FAB8E6B20ED07D744EAF8","E:\????\??-???\images\c7d869ef151a93f1514e861dcb630bb6bcdf95437b2fab8e6b20ed07d744eaf8.png"
"SHA256","C815E4F64A686870CC223AD0E35AAC74C464F93885CBC7CF3A1445B8EB227F2F","E:\????\??-???\images\c815e4f64a686870cc223ad0e35aac74c464f93885cbc7cf3a1445b8eb227f2f.png"
"SHA256","C8351A3702DD42B0B74C3F769432BC84B760F356F62D6C593435B204F416A292","E:\????\??-???\images\c8351a3702dd42b0b74c3f769432bc84b760f356f62d6c593435b204f416a292.png"
"SHA256","C857D0866AB0919CD647C3867F590481DA015EA1B63C3C6D2C1B21C4453F51DE","E:\????\??-???\images\c857d0866ab0919cd647c3867f590481da015ea1b63c3c6d2c1b21c4453f51de.png"
"SHA256","C8727E2FEE87CDE545BB06DC1768115A410D271A247B1423CF38318B0017C3F5","E:\????\??-???\images\c8727e2fee87cde545bb06dc1768115a410d271a247b1423cf38318b0017c3f5.png"
"SHA256","C8EA1CB79E09B80ED90FD560CE83ADBD5323B46CC9C40C12E0FEFE37CFF85B8F","E:\????\??-???\images\c8ea1cb79e09b80ed90fd560ce83adbd5323b46cc9c40c12e0fefe37cff85b8f.png"
"SHA256","C92D16865B93B3D592322D6BCB8673E9D282EF4757686E942929222DD750E4E2","E:\????\??-???\images\c92d16865b93b3d592322d6bcb8673e9d282ef4757686e942929222dd750e4e2.png"
"SHA256","C943AF5D44BA1BA8A9742D37F215EC22524D26E4D0EF1F84977B63A0C399F408","E:\????\??-???\images\c943af5d44ba1ba8a9742d37f215ec22524d26e4d0ef1f84977b63a0c399f408.png"
"SHA256","C963CF871ACC83BF52A48B2DD5C3EB457F4E3FBE1CE0ECC8FB066CAA4BFE4AB0","E:\????\??-???\images\c963cf871acc83bf52a48b2dd5c3eb457f4e3fbe1ce0ecc8fb066caa4bfe4ab0.png"
"SHA256","C9774B294E99234DCE20B2A82F0D6AF86ACCFABC332FFA6614BB50F6003294D3","E:\????\??-???\images\c9774b294e99234dce20b2a82f0d6af86accfabc332ffa6614bb50f6003294d3.png"
"SHA256","C98F137FF48CAF0889BF43B5239217C6ACD9D01C11DC7175A26064F173B22932","E:\????\??-???\images\c98f137ff48caf0889bf43b5239217c6acd9d01c11dc7175a26064f173b22932.png"
"SHA256","C9B180979AA25276AC77013FA95A89F3D9275D990CF2B334564E6700EFCA0211","E:\????\??-???\images\c9b180979aa25276ac77013fa95a89f3d9275d990cf2b334564e6700efca0211.png"
"SHA256","C9B9F8F207A51121829815AEB31E27240330A1906FD784CABA25E1F7305F4347","E:\????\??-???\images\c9b9f8f207a51121829815aeb31e27240330a1906fd784caba25e1f7305f4347.png"
"SHA256","CA0C1B6B8563D3947C67B783AB129A8C93E78F6BA0231CB23526A96B31330641","E:\????\??-???\images\ca0c1b6b8563d3947c67b783ab129a8c93e78f6ba0231cb23526a96b31330641.png"
"SHA256","CA15E149E671BB2F29BD50189A17798FA1D8B972A60AD2800F1439C81DF8351A","E:\????\??-???\images\ca15e149e671bb2f29bd50189a17798fa1d8b972a60ad2800f1439c81df8351a.png"
"SHA256","CA2CC9D843C8B2EAC52A82D4E1B8280B6EA6BD7BB957E03EB79ED606F3C0A3C5","E:\????\??-???\images\ca2cc9d843c8b2eac52a82d4e1b8280b6ea6bd7bb957e03eb79ed606f3c0a3c5.png"
"SHA256","CA83F84C5350D931B0B6A98AC546B9DEB2A7BFFB000044FC9AAEA2049D7327A7","E:\????\??-???\images\ca83f84c5350d931b0b6a98ac546b9deb2a7bffb000044fc9aaea2049d7327a7.png"
"SHA256","CADEE2F79FF5300227B372955061A00DA4D49CB188BCE42A9EC65D613033B142","E:\????\??-???\images\cadee2f79ff5300227b372955061a00da4d49cb188bce42a9ec65d613033b142.png"
"SHA256","CB16D83764F9FEADD6175CA05C7DCDB03CF9FC387E840A5604D733BDDD2D34F4","E:\????\??-???\images\cb16d83764f9feadd6175ca05c7dcdb03cf9fc387e840a5604d733bddd2d34f4.png"
"SHA256","CB2950ED24C771D212EAAFB9BD740C98B7AE9E251A50C23BE5FD1A7DBCF9E69E","E:\????\??-???\images\cb2950ed24c771d212eaafb9bd740c98b7ae9e251a50c23be5fd1a7dbcf9e69e.png"
"SHA256","CB33DE1329013C79E71B09C2AC36320EB410EB8EAA4B95BACA4DD9256B54E945","E:\????\??-???\images\cb33de1329013c79e71b09c2ac36320eb410eb8eaa4b95baca4dd9256b54e945.png"
"SHA256","CB616BCF3DFA68AA0E88854BEEFC464D3A436FCB6F9D79001467845E76EA5193","E:\????\??-???\images\cb616bcf3dfa68aa0e88854beefc464d3a436fcb6f9d79001467845e76ea5193.png"
"SHA256","CB80FE607F790A4FF3E724C2A3E97675086215A9B1BC13FE94133852A2058905","E:\????\??-???\images\cb80fe607f790a4ff3e724c2a3e97675086215a9b1bc13fe94133852a2058905.png"
"SHA256","CB9E7A1723D617502CD76CD29061014D63A7C041B7033735A604109EF0D89F10","E:\????\??-???\images\cb9e7a1723d617502cd76cd29061014d63a7c041b7033735a604109ef0d89f10.png"
"SHA256","CBA37897ADBB75D96D77E652CE483DAB3AF49CE1773F3C4BB927CCA23572C191","E:\????\??-???\images\cba37897adbb75d96d77e652ce483dab3af49ce1773f3c4bb927cca23572c191.png"
"SHA256","CBD00990AB2C9709ECD57B3114AC28C9E17EA3D7D3D888F08BD66A8989769B51","E:\????\??-???\images\cbd00990ab2c9709ecd57b3114ac28c9e17ea3d7d3d888f08bd66a8989769b51.png"
"SHA256","CC4ADD58066107852257C5FE8AB2AC87520EA321B1F146B18DDF26E1BAAB198F","E:\????\??-???\images\cc4add58066107852257c5fe8ab2ac87520ea321b1f146b18ddf26e1baab198f.png"
"SHA256","CC75C3798CA009242608A9309677FAE2C7EC8EFA5785602751B4E93863D661AA","E:\????\??-???\images\cc75c3798ca009242608a9309677fae2c7ec8efa5785602751b4e93863d661aa.png"
"SHA256","CC90ADFB13347ACC2FD794C96F240E7AAA0DF7EFBCD43746D45C85BD43F0D6A4","E:\????\??-???\images\cc90adfb13347acc2fd794c96f240e7aaa0df7efbcd43746d45c85bd43f0d6a4.png"
"SHA256","CCF8A395FCAF5C1EDBB8917EA9FCE746FE3E5BD9D3CD8587444891AB49C0EB5C","E:\????\??-???\images\ccf8a395fcaf5c1edbb8917ea9fce746fe3e5bd9d3cd8587444891ab49c0eb5c.png"
"SHA256","CDF269FEFADD0E7DE955B76D5F833D194B6E914C0BC82088097F17403383D4B5","E:\????\??-???\images\cdf269fefadd0e7de955b76d5f833d194b6e914c0bc82088097f17403383d4b5.png"
"SHA256","CE5791DED7C6EBE274F5638A1CE0AFBFDCC0AB9DF7D6D9DE7231E3ED7C3AEC13","E:\????\??-???\images\ce5791ded7c6ebe274f5638a1ce0afbfdcc0ab9df7d6d9de7231e3ed7c3aec13.png"
"SHA256","CE6EC668243D208B620EFDBE9517C269CFC4737A6AFFEA98237A893A8416098B","E:\????\??-???\images\ce6ec668243d208b620efdbe9517c269cfc4737a6affea98237a893a8416098b.png"
"SHA256","CE73D1035F4C8E2BCD5B85C7B57DD0AEA2E5C93BE9F8F76F3E4740E9280289BB","E:\????\??-???\images\ce73d1035f4c8e2bcd5b85c7b57dd0aea2e5c93be9f8f76f3e4740e9280289bb.png"
"SHA256","CEEA989B3ED384FEE663D7E10AABB63811ACC0CC5EDD638383277AABADBCB560","E:\????\??-???\images\ceea989b3ed384fee663d7e10aabb63811acc0cc5edd638383277aabadbcb560.png"
"SHA256","CF57EA70663503016492D401B0359D300B3448DDEC91F71211CAADB42602E383","E:\????\??-???\images\cf57ea70663503016492d401b0359d300b3448ddec91f71211caadb42602e383.png"
"SHA256","CF70AF7C2B5F9E761522EFB011FEF259D61111202ED396FA3611CEC3EB009C2A","E:\????\??-???\images\cf70af7c2b5f9e761522efb011fef259d61111202ed396fa3611cec3eb009c2a.png"
"SHA256","CF8FD834586C4EAD8A1C67186503091E1A95661BE239EBCB52EDFFCD84E88133","E:\????\??-???\images\cf8fd834586c4ead8a1c67186503091e1a95661be239ebcb52edffcd84e88133.png"
"SHA256","CFB365E85E6DDC8CC8F7B5CACFB4874E32D7D64800367ABC076B5A3527BD8823","E:\????\??-???\images\cfb365e85e6ddc8cc8f7b5cacfb4874e32d7d64800367abc076b5a3527bd8823.png"
"SHA256","CFBC3710DF7849FB78F74B3C575418A7DCB6C378B639A7869A6EACBC8D9C2EB9","E:\????\??-???\images\cfbc3710df7849fb78f74b3c575418a7dcb6c378b639a7869a6eacbc8d9c2eb9.png"
"SHA256","CFC1DDE73F67EFF756A3604D580D751BD513550D8591A8ADFD8686312DD28268","E:\????\??-???\images\cfc1dde73f67eff756a3604d580d751bd513550d8591a8adfd8686312dd28268.png"
"SHA256","CFCAD9A8C36471C833BF7E65C4F317313498D3AE03146E2CF57416A44F24687B","E:\????\??-???\images\cfcad9a8c36471c833bf7e65c4f317313498d3ae03146e2cf57416a44f24687b.png"
"SHA256","CFDDF8FFC810D0311546050AE62B9971AE6B4FA17565FCEC047118AAA39027DA","E:\????\??-???\images\cfddf8ffc810d0311546050ae62b9971ae6b4fa17565fcec047118aaa39027da.png"
"SHA256","CFF5AB27EE59431A4614802E440D2D6FF94567635AC8688E81E4FEE1828945B7","E:\????\??-???\images\cff5ab27ee59431a4614802e440d2d6ff94567635ac8688e81e4fee1828945b7.png"
"SHA256","D01BAFE0E5053AF7EFD607EA46ACCB3595D0175D41BB5BA670EA8FDF64EFC47C","E:\????\??-???\images\d01bafe0e5053af7efd607ea46accb3595d0175d41bb5ba670ea8fdf64efc47c.png"
"SHA256","D0553FDC745DC1370B525C74B8E26C50DE575F4BF9DA9978C94C540817B2EE4E","E:\????\??-???\images\d0553fdc745dc1370b525c74b8e26c50de575f4bf9da9978c94c540817b2ee4e.png"
"SHA256","D0745B245D2BA3FEDB98D729A0E35E930F15B6CB3BDA3B528EBC4E14E106FD80","E:\????\??-???\images\d0745b245d2ba3fedb98d729a0e35e930f15b6cb3bda3b528ebc4e14e106fd80.png"
"SHA256","D087E3B9A7F225CD1E6861C87CD3C81F23594428348C72B1BBAAABE0DF72B655","E:\????\??-???\images\d087e3b9a7f225cd1e6861c87cd3c81f23594428348c72b1bbaaabe0df72b655.png"
"SHA256","D093EC9E36D54E88D4942DC684493BCC741836F521051CDC95221FC1BB5CAC69","E:\????\??-???\images\d093ec9e36d54e88d4942dc684493bcc741836f521051cdc95221fc1bb5cac69.png"
"SHA256","D0A56D48A65FB7C81B3F7B9573F816B4DB555518115B19DB878F7F41D7D4E3E8","E:\????\??-???\images\d0a56d48a65fb7c81b3f7b9573f816b4db555518115b19db878f7f41d7d4e3e8.png"
"SHA256","D10C2DAD6FB486C91CA05F2C04EDE787A2CFA469658CB659EB96180EE85E42CD","E:\????\??-???\images\d10c2dad6fb486c91ca05f2c04ede787a2cfa469658cb659eb96180ee85e42cd.png"
"SHA256","D11CDD01F446DD7559A87285AEEB77CEBD7BDF2D3D110024B90D1B3B3E2B8603","E:\????\??-???\images\d11cdd01f446dd7559a87285aeeb77cebd7bdf2d3d110024b90d1b3b3e2b8603.png"
"SHA256","D142DB86A250FE704537440D17544FCA241AA94EA6B3BC5C9040CFEB790D5D17","E:\????\??-???\images\d142db86a250fe704537440d17544fca241aa94ea6b3bc5c9040cfeb790d5d17.png"
"SHA256","D145BC9509DDAE0E8CE2B01796B4842F2C57F07868E4082061607A85799D69B5","E:\????\??-???\images\d145bc9509ddae0e8ce2b01796b4842f2c57f07868e4082061607a85799d69b5.png"
"SHA256","D151E8E76B61166A7C564BB2CFE938F595BA59F6449D7220DA4EDDD1F5015B0C","E:\????\??-???\images\d151e8e76b61166a7c564bb2cfe938f595ba59f6449d7220da4eddd1f5015b0c.png"
"SHA256","D1D0A3AA5A90C363B96E1232AD1EA8185555DA2511881B8ABD6144D238396B94","E:\????\??-???\images\d1d0a3aa5a90c363b96e1232ad1ea8185555da2511881b8abd6144d238396b94.png"
"SHA256","D1E6B1577EC426652D0ACCC1E6CAE23E9228C52AE0FF615483E3983BB499B705","E:\????\??-???\images\d1e6b1577ec426652d0accc1e6cae23e9228c52ae0ff615483e3983bb499b705.png"
"SHA256","D2699368B34BC9D83BBC0B7E18E2C191778F5B3350724A9F56B6A7AEAF8FF6BB","E:\????\??-???\images\d2699368b34bc9d83bbc0b7e18e2c191778f5b3350724a9f56b6a7aeaf8ff6bb.png"
"SHA256","D27DD034387AC733F5559198E494E9AD1D90FC7D3298503B4DF9B7C1446FA7F9","E:\????\??-???\images\d27dd034387ac733f5559198e494e9ad1d90fc7d3298503b4df9b7c1446fa7f9.png"
"SHA256","D2B5DC68C2F9D46A4EF1FBC164A34280387207BF8D194EB51CCB96E726BD7B28","E:\????\??-???\images\d2b5dc68c2f9d46a4ef1fbc164a34280387207bf8d194eb51ccb96e726bd7b28.png"
"SHA256","D2E39DEFE80000985476D5D73FAE8757BE5561517D16B8863440216C2357585B","E:\????\??-???\images\d2e39defe80000985476d5d73fae8757be5561517d16b8863440216c2357585b.png"
"SHA256","D321E5D1FF922519DA20F92C8474AC2D3699FB7CE4348385E4D5974416A65E4D","E:\????\??-???\images\d321e5d1ff922519da20f92c8474ac2d3699fb7ce4348385e4d5974416a65e4d.png"
"SHA256","D339DB1901B17E2BC239E46604DACC5D5CA4803A16BA399245950CF9A971421F","E:\????\??-???\images\d339db1901b17e2bc239e46604dacc5d5ca4803a16ba399245950cf9a971421f.png"
"SHA256","D3504D0007198973FE587BAD56A4D156144DB5816FF8B2F2210CB287DC1941FD","E:\????\??-???\images\d3504d0007198973fe587bad56a4d156144db5816ff8b2f2210cb287dc1941fd.png"
"SHA256","D364DFACFB376240377C4585482D9A39A6EB8134B7D7D77821995DF26E506146","E:\????\??-???\images\d364dfacfb376240377c4585482d9a39a6eb8134b7d7d77821995df26e506146.png"
"SHA256","D39700F52A446A8AE1735BF31CE542F272343F0985B194F588F2E70CEF9CB9F0","E:\????\??-???\images\d39700f52a446a8ae1735bf31ce542f272343f0985b194f588f2e70cef9cb9f0.png"
"SHA256","D3B8E364C4458CD32D46D32A54D5240C2E369668C344FDCC7EF50760E8509E9C","E:\????\??-???\images\d3b8e364c4458cd32d46d32a54d5240c2e369668c344fdcc7ef50760e8509e9c.png"
"SHA256","D3EB33EC58371CCDAD4DF1C012C6DDE7DA9008840C6A08C81CAF9C149B62937C","E:\????\??-???\images\d3eb33ec58371ccdad4df1c012c6dde7da9008840c6a08c81caf9c149b62937c.png"
"SHA256","D410D9B8C8B0185FD84582103A64724E8C9A66660458CE4ECE0A9EB29CFF3AE8","E:\????\??-???\images\d410d9b8c8b0185fd84582103a64724e8c9a66660458ce4ece0a9eb29cff3ae8.png"
"SHA256","D4157A2D89BA5277AC585C8B03981B2909997B57510FCA352C30C38799AA0A55","E:\????\??-???\images\d4157a2d89ba5277ac585c8b03981b2909997b57510fca352c30c38799aa0a55.png"
"SHA256","D440418F0023BA0BDB9980E07D3DCA7BFCCB4C0C33D49F04665953DE2DA8B8C2","E:\????\??-???\images\d440418f0023ba0bdb9980e07d3dca7bfccb4c0c33d49f04665953de2da8b8c2.png"
"SHA256","D46A1A7AACB3C88337E7F8099E8AE181C8D8D53389EA24BAB0D7A3F32DF287C3","E:\????\??-???\images\d46a1a7aacb3c88337e7f8099e8ae181c8d8d53389ea24bab0d7a3f32df287c3.png"
"SHA256","D499FAECD8F08301BE9F5B330E4645796C61854CDA949FA06A46C994C02A8A4B","E:\????\??-???\images\d499faecd8f08301be9f5b330e4645796c61854cda949fa06a46c994c02a8a4b.png"
"SHA256","D4A61CDED9B21D380CFA80E867BBDA369849F778CFD5DD80ECFAF1AB9EE75B69","E:\????\??-???\images\d4a61cded9b21d380cfa80e867bbda369849f778cfd5dd80ecfaf1ab9ee75b69.png"
"SHA256","D4A9980C833AD895CB1E28219FBFD4B524F568AF35A03DF0EEFDE9605C039141","E:\????\??-???\images\d4a9980c833ad895cb1e28219fbfd4b524f568af35a03df0eefde9605c039141.png"
"SHA256","D4C5E6A5E1164E5706675E630D810D167444DD4F144BC3015E22BFE3691C9623","E:\????\??-???\images\d4c5e6a5e1164e5706675e630d810d167444dd4f144bc3015e22bfe3691c9623.png"
"SHA256","D4FB899718E597BC90FCA64B8BCF49390892ABADC22879C7B335E45FC833A7E3","E:\????\??-???\images\d4fb899718e597bc90fca64b8bcf49390892abadc22879c7b335e45fc833a7e3.png"
"SHA256","D50ABFD3AA1F987849A4220C02BCB6E5494DFD52FE2D8EBFD68EA57BDCE5390D","E:\????\??-???\images\d50abfd3aa1f987849a4220c02bcb6e5494dfd52fe2d8ebfd68ea57bdce5390d.png"
"SHA256","D547841A8797042B0DFA7DA3DCEBBF55BEBBC051E64D2F9FF07D2AA957E669B4","E:\????\??-???\images\d547841a8797042b0dfa7da3dcebbf55bebbc051e64d2f9ff07d2aa957e669b4.png"
"SHA256","D5605C280EB07633AE011A94524F8D92BC050988190F655882CF62EFB2C91EA0","E:\????\??-???\images\d5605c280eb07633ae011a94524f8d92bc050988190f655882cf62efb2c91ea0.png"
"SHA256","D563E8E9A1476066766B95BF213A857E5DE60E856DD5B40435FC08A1E803E0AA","E:\????\??-???\images\d563e8e9a1476066766b95bf213a857e5de60e856dd5b40435fc08a1e803e0aa.png"
"SHA256","D587033ADE5F2DA4EF2BC7199032CE48A8F1516CF095EC61AA9D97FE2E927BE8","E:\????\??-???\images\d587033ade5f2da4ef2bc7199032ce48a8f1516cf095ec61aa9d97fe2e927be8.png"
"SHA256","D5AAD85C562A4CD77E146E77EED3FEE4CBEE1CDB10463D117874C96BAFAF6A54","E:\????\??-???\images\d5aad85c562a4cd77e146e77eed3fee4cbee1cdb10463d117874c96bafaf6a54.png"
"SHA256","D5BF533A36BEFC48E8F57E7192AEBE82FA78998D6D1568D9FA562AB4FE506736","E:\????\??-???\images\d5bf533a36befc48e8f57e7192aebe82fa78998d6d1568d9fa562ab4fe506736.png"
"SHA256","D645FC31DCC84B282F571F8DA345EB2B0DF3428F758DC187D744A0AA05F1832A","E:\????\??-???\images\d645fc31dcc84b282f571f8da345eb2b0df3428f758dc187d744a0aa05f1832a.png"
"SHA256","D662178CC407140A174058BA54E627F110D4303E723A231491BB8C05BD7507B5","E:\????\??-???\images\d662178cc407140a174058ba54e627f110d4303e723a231491bb8c05bd7507b5.png"
"SHA256","D664F30D55790F98E14EAF477072B013F593767071DDBFE205714DCE99372C4F","E:\????\??-???\images\d664f30d55790f98e14eaf477072b013f593767071ddbfe205714dce99372c4f.png"
"SHA256","D68DA414D79524F850CC3643D0ED0011C9563C9E81DE87A4EAF5EFD6D27094B4","E:\????\??-???\images\d68da414d79524f850cc3643d0ed0011c9563c9e81de87a4eaf5efd6d27094b4.png"
"SHA256","D6E2DC5352AD48EFCE8583D62D9B0416E291B9F1FE32AD368D0F28DEB3C58DA7","E:\????\??-???\images\d6e2dc5352ad48efce8583d62d9b0416e291b9f1fe32ad368d0f28deb3c58da7.png"
"SHA256","D70ACEF812D6F551897948C07F36E2983E204F3A6D4BD2DAC26A03AF1170A77A","E:\????\??-???\images\d70acef812d6f551897948c07f36e2983e204f3a6d4bd2dac26a03af1170a77a.png"
"SHA256","D76A225C72936AE16408CA8C321B30F0E31D8E0516A7A2469764EAE1445C0088","E:\????\??-???\images\d76a225c72936ae16408ca8c321b30f0e31d8e0516a7a2469764eae1445c0088.png"
"SHA256","D7B525F828B7BE4836D8B5CB97DD826095FD03F0F60179E17996A56838C9ED63","E:\????\??-???\images\d7b525f828b7be4836d8b5cb97dd826095fd03f0f60179e17996a56838c9ed63.png"
"SHA256","D82DD39F690884C7844CE8B3BDB203B01BDCB668E115DF559003C9EFEE7D0F79","E:\????\??-???\images\d82dd39f690884c7844ce8b3bdb203b01bdcb668e115df559003c9efee7d0f79.png"
"SHA256","D89247D94FB3988A5BDD4236750CF2F0A64FC1C059E782D752CA7FB975CB2913","E:\????\??-???\images\d89247d94fb3988a5bdd4236750cf2f0a64fc1c059e782d752ca7fb975cb2913.png"
"SHA256","D9682CD0050A4CD9CC625FAB169EF6DC9D948AFBA5CB4C112C93F255A549E175","E:\????\??-???\images\d9682cd0050a4cd9cc625fab169ef6dc9d948afba5cb4c112c93f255a549e175.png"
"SHA256","D98FA9672E9C3CA2E6D874F296FFB036D6BAA89468F284CD15B07A457DE3792D","E:\????\??-???\images\d98fa9672e9c3ca2e6d874f296ffb036d6baa89468f284cd15b07a457de3792d.png"
"SHA256","D9AEA3EBAAA99E02F4BCBA36FC3CFAC5AFC1C2620E7BFDC758D2BD52D3E70A33","E:\????\??-???\images\d9aea3ebaaa99e02f4bcba36fc3cfac5afc1c2620e7bfdc758d2bd52d3e70a33.png"
"SHA256","D9F93786177E13FA671267067C9A41F59ACB1ADDFBD4BD274FE9AC31B14E0099","E:\????\??-???\images\d9f93786177e13fa671267067c9a41f59acb1addfbd4bd274fe9ac31b14e0099.png"
"SHA256","DA832AAEEE7EFECB2B8D54522E793002A58FDF114EE480C364ABBB67D86B992E","E:\????\??-???\images\da832aaeee7efecb2b8d54522e793002a58fdf114ee480c364abbb67d86b992e.png"
"SHA256","DAB68709BD5AA7B127E1E824DD953140F10B9C793C18C8358631ADD6792AC07C","E:\????\??-???\images\dab68709bd5aa7b127e1e824dd953140f10b9c793c18c8358631add6792ac07c.png"
"SHA256","DB4E15DEC609835077CB087976664F05BBA32FAD71AD75CC1A803C783CB29173","E:\????\??-???\images\db4e15dec609835077cb087976664f05bba32fad71ad75cc1a803c783cb29173.png"
"SHA256","DB5668FA06BD6ED5E4A65326C180605B9E64292012BC80099DEED85FAF51827F","E:\????\??-???\images\db5668fa06bd6ed5e4a65326c180605b9e64292012bc80099deed85faf51827f.png"
"SHA256","DB6DACCD2DD168E140822EF72DFC78EE02370A9B7811CB3BACC11C0E5A37506E","E:\????\??-???\images\db6daccd2dd168e140822ef72dfc78ee02370a9b7811cb3bacc11c0e5a37506e.png"
"SHA256","DB93746A690A621F3DFF70D48424B517445E4063D7197E63A0E2E3C9B540C4B3","E:\????\??-???\images\db93746a690a621f3dff70d48424b517445e4063d7197e63a0e2e3c9b540c4b3.png"
"SHA256","DBAA88F296F5A3BCD73A879E16EBB7A473772587511A911438A2D44E95A589FF","E:\????\??-???\images\dbaa88f296f5a3bcd73a879e16ebb7a473772587511a911438a2d44e95a589ff.png"
"SHA256","DBD1D33EF210B83F596721123992DA6F9C5CA6BDB1D049430F52570CC166BFE7","E:\????\??-???\images\dbd1d33ef210b83f596721123992da6f9c5ca6bdb1d049430f52570cc166bfe7.png"
"SHA256","DBF82C9A9F6EFF3AB28067E9F27D8CBC56EC0064714724AD7D4911F3F9686A23","E:\????\??-???\images\dbf82c9a9f6eff3ab28067e9f27d8cbc56ec0064714724ad7d4911f3f9686a23.png"
"SHA256","DCCC5285DCCBDDBA421B2B6743C66888A1073B05ED4CD238A7A7B0DEFA3ABE5E","E:\????\??-???\images\dccc5285dccbddba421b2b6743c66888a1073b05ed4cd238a7a7b0defa3abe5e.png"
"SHA256","DCEBA7B29F5EA0F7933104169297E0DEC78C9F480D4C658310E970F24D383A22","E:\????\??-???\images\dceba7b29f5ea0f7933104169297e0dec78c9f480d4c658310e970f24d383a22.png"
"SHA256","DCEC853C3888773FE9F53F2B54C3523564E90D752957848A24F47B2A4D7227D2","E:\????\??-???\images\dcec853c3888773fe9f53f2b54c3523564e90d752957848a24f47b2a4d7227d2.png"
"SHA256","DD1611CC7AD0C5571C12B62BF5E47457C69008F0D955DDC617FEDF903F1D260B","E:\????\??-???\images\dd1611cc7ad0c5571c12b62bf5e47457c69008f0d955ddc617fedf903f1d260b.png"
"SHA256","DD9924AF1B58D46A64289B5E9DC65F8B6DF872DCE45F94241A6EED57C62AC769","E:\????\??-???\images\dd9924af1b58d46a64289b5e9dc65f8b6df872dce45f94241a6eed57c62ac769.png"
"SHA256","DDB05B1A779604A4466ED041411493D21C4F897573CCE3CF487A80A70F5CADD0","E:\????\??-???\images\ddb05b1a779604a4466ed041411493d21c4f897573cce3cf487a80a70f5cadd0.png"
"SHA256","DDF840E5DCDF85A594CD1BD954E10F4EBD2A01F0E64FEAB510061B3387E820B6","E:\????\??-???\images\ddf840e5dcdf85a594cd1bd954e10f4ebd2a01f0e64feab510061b3387e820b6.png"
"SHA256","DE3BF78AA65E233A75A9B3754EB07F0EB095CC575EC809899AFE51254A5BDCCD","E:\????\??-???\images\de3bf78aa65e233a75a9b3754eb07f0eb095cc575ec809899afe51254a5bdccd.png"
"SHA256","DE3FD2680F7D98141C6712F9B00E83BD45385C66A9073F7B57EE04042D254480","E:\????\??-???\images\de3fd2680f7d98141c6712f9b00e83bd45385c66a9073f7b57ee04042d254480.png"
"SHA256","DEB8B9DACC36C81FE98520D0966BC8656475F1F175549AD770BAE113BC3C6CE6","E:\????\??-???\images\deb8b9dacc36c81fe98520d0966bc8656475f1f175549ad770bae113bc3c6ce6.png"
"SHA256","DF47870FC37A799F6F8023248CB23206D943FE5E2DD0629E21EE9D1660D8D697","E:\????\??-???\images\df47870fc37a799f6f8023248cb23206d943fe5e2dd0629e21ee9d1660d8d697.png"
"SHA256","DF48146A9131D20167F085A465EA9E108885C68B957D8F76B6CBC03D85C6D164","E:\????\??-???\images\df48146a9131d20167f085a465ea9e108885c68b957d8f76b6cbc03d85c6d164.png"
"SHA256","DF5C74C7924BDC3F2CDDF6633E6E5C5E93CC3FB9B9AF2BB1CC38A2EED32E24F8","E:\????\??-???\images\df5c74c7924bdc3f2cddf6633e6e5c5e93cc3fb9b9af2bb1cc38a2eed32e24f8.png"
"SHA256","DFAF69925BA37AB36E71499C81D62B5C5AA9E83CA302EB2DE9C4D8CD05BE4D8F","E:\????\??-???\images\dfaf69925ba37ab36e71499c81d62b5c5aa9e83ca302eb2de9c4d8cd05be4d8f.png"
"SHA256","DFC980040B8939E7C6F855FF2954757EBF2F7856A6708751E996B3BB5BCAFB4A","E:\????\??-???\images\dfc980040b8939e7c6f855ff2954757ebf2f7856a6708751e996b3bb5bcafb4a.png"
"SHA256","DFD8455BCD384EB0526BDA574E1FC587B6F2ACF32EB38F6DEE9B0F9D9D319189","E:\????\??-???\images\dfd8455bcd384eb0526bda574e1fc587b6f2acf32eb38f6dee9b0f9d9d319189.png"
"SHA256","E00C3E07048FF312B8FD9AA725B62F16542AA11598C7D15FBF9D2957526262AC","E:\????\??-???\images\e00c3e07048ff312b8fd9aa725b62f16542aa11598c7d15fbf9d2957526262ac.png"
"SHA256","E06249D5237EE0BF3E84FFB08C8D2D8700A09A8891CBEE93346E83363A6DCB98","E:\????\??-???\images\e06249d5237ee0bf3e84ffb08c8d2d8700a09a8891cbee93346e83363a6dcb98.png"
"SHA256","E08CE43C6057085B5E91FC416730B2DD7C5B8B05BF6C251EFE84876E38FDE9A3","E:\????\??-???\images\e08ce43c6057085b5e91fc416730b2dd7c5b8b05bf6c251efe84876e38fde9a3.png"
"SHA256","E08D9D4B762C00793502C884E5BD100E8D9A8B8E0BBC4D5E52929416656439DE","E:\????\??-???\images\e08d9d4b762c00793502c884e5bd100e8d9a8b8e0bbc4d5e52929416656439de.png"
"SHA256","E0B2308636058588DF67E1CDD009BA393F5DE15A7A0479BE913E65C46D82F612","E:\????\??-???\images\e0b2308636058588df67e1cdd009ba393f5de15a7a0479be913e65c46d82f612.png"
"SHA256","E0F80C6FB127B73ABF26B7623BED549477FA15957516DA413D6B211B9B40EFBC","E:\????\??-???\images\e0f80c6fb127b73abf26b7623bed549477fa15957516da413d6b211b9b40efbc.png"
"SHA256","E192D4E43788D0DCF4188EEAD4559F55BCD34937548EC6C97CB00E73EF03E21B","E:\????\??-???\images\e192d4e43788d0dcf4188eead4559f55bcd34937548ec6c97cb00e73ef03e21b.png"
"SHA256","E1DAD968D422A7BCE99F409CDF4DDAA317AD327ACCF9AD547876F0EC83030ACA","E:\????\??-???\images\e1dad968d422a7bce99f409cdf4ddaa317ad327accf9ad547876f0ec83030aca.png"
"SHA256","E211A5A7569F1DCA42137C8C041DF3FBF1BA84C03213ABB153DC2FC6471EB06C","E:\????\??-???\images\e211a5a7569f1dca42137c8c041df3fbf1ba84c03213abb153dc2fc6471eb06c.png"
"SHA256","E233EC9746738B030C469A0B71733B6BA0281EF11B07E25C226F7C3D12BA3228","E:\????\??-???\images\e233ec9746738b030c469a0b71733b6ba0281ef11b07e25c226f7c3d12ba3228.png"
"SHA256","E23D27D654CCDB8DFB99E2B40664BF1610C5791D44F64F897398EF5731B4633A","E:\????\??-???\images\e23d27d654ccdb8dfb99e2b40664bf1610c5791d44f64f897398ef5731b4633a.png"
"SHA256","E24095AD7C6F8F84F92B8901A3FBB09A211541284F68507EC88E6932E540B3AA","E:\????\??-???\images\e24095ad7c6f8f84f92b8901a3fbb09a211541284f68507ec88e6932e540b3aa.png"
"SHA256","E256E68CC4B082DC4C93BB094E47B42807ACE6C6DF6B473A95B8056B67F24545","E:\????\??-???\images\e256e68cc4b082dc4c93bb094e47b42807ace6c6df6b473a95b8056b67f24545.png"
"SHA256","E25D8EDB45785680881322C9A17AC75F3F969570DF9C62DEF29104C72857B585","E:\????\??-???\images\e25d8edb45785680881322c9a17ac75f3f969570df9c62def29104c72857b585.png"
"SHA256","E2A6490CF908D3BE36389E37BD718235CB46741B4378E06F602CEFA7D2C222F2","E:\????\??-???\images\e2a6490cf908d3be36389e37bd718235cb46741b4378e06f602cefa7d2c222f2.png"
"SHA256","E2B714BA872152BAEEFD16195D39A69453F2DFB6D49A0050FFDC7D9347540D7B","E:\????\??-???\images\e2b714ba872152baeefd16195d39a69453f2dfb6d49a0050ffdc7d9347540d7b.png"
"SHA256","E2EB487468BA53BF8BFF5B960000D178199D086BA115C0CA37EC8A423103DFDE","E:\????\??-???\images\e2eb487468ba53bf8bff5b960000d178199d086ba115c0ca37ec8a423103dfde.png"
"SHA256","E335B524DF5CD8925B2C3AD6E3E16D0B584897A69AB237D8448827B44E2A1034","E:\????\??-???\images\e335b524df5cd8925b2c3ad6e3e16d0b584897a69ab237d8448827b44e2a1034.png"
"SHA256","E3769C29AD43C3071E390A3B41CFCC16C4680E0463BD4C58CBC77B7A97174167","E:\????\??-???\images\e3769c29ad43c3071e390a3b41cfcc16c4680e0463bd4c58cbc77b7a97174167.png"
"SHA256","E39C752C8E82CDACB3EDEBA294D643062869536A7B14005CBB994930F1C1AC5B","E:\????\??-???\images\e39c752c8e82cdacb3edeba294d643062869536a7b14005cbb994930f1c1ac5b.png"
"SHA256","E3A67336627BA4FB3BB6E8AA9609BC2BE51FACFA8D776568EA4AEC935F1766B3","E:\????\??-???\images\e3a67336627ba4fb3bb6e8aa9609bc2be51facfa8d776568ea4aec935f1766b3.png"
"SHA256","E3C9128DDAA3C96B84F1C9CE8C1FDFC60ED3A35B897CBF076ED0949F0F048FBE","E:\????\??-???\images\e3c9128ddaa3c96b84f1c9ce8c1fdfc60ed3a35b897cbf076ed0949f0f048fbe.png"
"SHA256","E418C97D9D5DA1419B5EFB89B4D9E089CCB26D4B6B8C6A35FF6917C95647DAB0","E:\????\??-???\images\e418c97d9d5da1419b5efb89b4d9e089ccb26d4b6b8c6a35ff6917c95647dab0.png"
"SHA256","E442B216EE525E9C6E6E07CE63B383EF881CBA580E12D97DC3BFBDCC8FF9E655","E:\????\??-???\images\e442b216ee525e9c6e6e07ce63b383ef881cba580e12d97dc3bfbdcc8ff9e655.png"
"SHA256","E4440D1F905AC53236ABE0301C4EB9265CB554C7235B72845C703680125A8E9C","E:\????\??-???\images\e4440d1f905ac53236abe0301c4eb9265cb554c7235b72845c703680125a8e9c.png"
"SHA256","E47FFD27DA3FA046C6F2C74BEB5900450E17520DA15D982A3EA2C4CCFB5ED5CA","E:\????\??-???\images\e47ffd27da3fa046c6f2c74beb5900450e17520da15d982a3ea2c4ccfb5ed5ca.png"
"SHA256","E49C1E4071B7117E1A37BE513A3824DF83DD02D1C0378DEF9AD138FDA8BDF2FF","E:\????\??-???\images\e49c1e4071b7117e1a37be513a3824df83dd02d1c0378def9ad138fda8bdf2ff.png"
"SHA256","E49D7992AA3CF0C10192F79D5FEF706BB3F2A6776ABEAA0D28CF63FD43BF7FF4","E:\????\??-???\images\e49d7992aa3cf0c10192f79d5fef706bb3f2a6776abeaa0d28cf63fd43bf7ff4.png"
"SHA256","E4CDCC3E089C438F1FBB163CEFFFDBEC6DC0A14EA2DCADC6D4395E09CFCF1CA2","E:\????\??-???\images\e4cdcc3e089c438f1fbb163cefffdbec6dc0a14ea2dcadc6d4395e09cfcf1ca2.png"
"SHA256","E4F4D140A2EC2FB6FB2EE3632F8C0C6A5B0338D57F631EFAB5D8F3B6B9FE7B18","E:\????\??-???\images\e4f4d140a2ec2fb6fb2ee3632f8c0c6a5b0338d57f631efab5d8f3b6b9fe7b18.png"
"SHA256","E51DB10648EAE55B9AD981DD03EFDD215CDF31ECEE8FFDFC2F5C4ED84634FCEE","E:\????\??-???\images\e51db10648eae55b9ad981dd03efdd215cdf31ecee8ffdfc2f5c4ed84634fcee.png"
"SHA256","E56C3FF19B181D6F72119953F403BAAFFF230DE660728A4694C1833F5C5414EF","E:\????\??-???\images\e56c3ff19b181d6f72119953f403baafff230de660728a4694c1833f5c5414ef.png"
"SHA256","E5E15DD683707618B0DEA63CBDFA73B9F5DF0A23DA1C9D182A2F9A2DEE46A8A1","E:\????\??-???\images\e5e15dd683707618b0dea63cbdfa73b9f5df0a23da1c9d182a2f9a2dee46a8a1.png"
"SHA256","E5ED2F9AD6EF41A069D2D281AD62878CB395A78A95382F961B0471DDB9F6F605","E:\????\??-???\images\e5ed2f9ad6ef41a069d2d281ad62878cb395a78a95382f961b0471ddb9f6f605.png"
"SHA256","E5F13EF067ED6E4F44D8E17609F9BF47D7826C2A17D07A854A5E7C03FDEECCB1","E:\????\??-???\images\e5f13ef067ed6e4f44d8e17609f9bf47d7826c2a17d07a854a5e7c03fdeeccb1.png"
"SHA256","E632C9CEE360B6CA368B6AE401CF57A1790FF973DC0BB0FF5CDCDF8DF25F1D01","E:\????\??-???\images\e632c9cee360b6ca368b6ae401cf57a1790ff973dc0bb0ff5cdcdf8df25f1d01.png"
"SHA256","E711C00F8ECF2DE5E0FF93C94179AF6E300BE2DE6EE6EC3D7D458AF6AE9CECB8","E:\????\??-???\images\e711c00f8ecf2de5e0ff93c94179af6e300be2de6ee6ec3d7d458af6ae9cecb8.png"
"SHA256","E73C6EE453995CA4E0750091E27D22B341A72A54EEBC993C86788B041EF6B75F","E:\????\??-???\images\e73c6ee453995ca4e0750091e27d22b341a72a54eebc993c86788b041ef6b75f.png"
"SHA256","E748FFC3024B4B13A608A7211DC2E6ACFD9A14630359F4B70084ADD44E994CBF","E:\????\??-???\images\e748ffc3024b4b13a608a7211dc2e6acfd9a14630359f4b70084add44e994cbf.png"
"SHA256","E766525C1D996A47D3DB4FD8548291E8D9936EE677B2EDBA65484E15D4008A4B","E:\????\??-???\images\e766525c1d996a47d3db4fd8548291e8d9936ee677b2edba65484e15d4008a4b.png"
"SHA256","E7B1293471C6763369102C19E5F213C438329F24663C14ED6B6FC79AC2AA22C8","E:\????\??-???\images\e7b1293471c6763369102c19e5f213c438329f24663c14ed6b6fc79ac2aa22c8.png"
"SHA256","E801A75315A7D6BE2C426C72E61D66DC6E75B1CAB6FFB635965FE9EFEF2FFC34","E:\????\??-???\images\e801a75315a7d6be2c426c72e61d66dc6e75b1cab6ffb635965fe9efef2ffc34.png"
"SHA256","E827EE2BEC5805ADE6B7E9CBA8A71C4C2A27B5E0C3AD3252C780C127859021EB","E:\????\??-???\images\e827ee2bec5805ade6b7e9cba8a71c4c2a27b5e0c3ad3252c780c127859021eb.png"
"SHA256","E835345E5AA24489649DFAFACA2BED5941C0DA0974425EB099A2ADF40A53755C","E:\????\??-???\images\e835345e5aa24489649dfafaca2bed5941c0da0974425eb099a2adf40a53755c.png"
"SHA256","E8807B89FCEAD3D368E2DBB9D3D818495A02AF20F0D63DEB24D93DE361F94CDF","E:\????\??-???\images\e8807b89fcead3d368e2dbb9d3d818495a02af20f0d63deb24d93de361f94cdf.png"
"SHA256","E892E11FA7F4C45D0D3A865E41ED777647BD7BE1E2A656091BE0CB18CD1CA172","E:\????\??-???\images\e892e11fa7f4c45d0d3a865e41ed777647bd7be1e2a656091be0cb18cd1ca172.png"
"SHA256","E8E35C1AFEA99324AE90FD6B7E50607B36A62659790D6E821207C897FA6215BC","E:\????\??-???\images\e8e35c1afea99324ae90fd6b7e50607b36a62659790d6e821207c897fa6215bc.png"
"SHA256","E91913974AB3B093874CAF2DE455B47EB0230ADEE0690C9E9D4D1F179BB21A54","E:\????\??-???\images\e91913974ab3b093874caf2de455b47eb0230adee0690c9e9d4d1f179bb21a54.png"
"SHA256","E9374BA013BE76BF28FC95E9ECC66621A24BC8E9B1FDB92A352993C20BDB63F9","E:\????\??-???\images\e9374ba013be76bf28fc95e9ecc66621a24bc8e9b1fdb92a352993c20bdb63f9.png"
"SHA256","E9815BC097C857DDAC79775FA0023C86B1D2392ADC370A24846B9B6F35E27A12","E:\????\??-???\images\e9815bc097c857ddac79775fa0023c86b1d2392adc370a24846b9b6f35e27a12.png"
"SHA256","EA0E158F5BAF85E898EAD1AF38E6CC0415EF8F2E563B4B9B368436F6564C09A7","E:\????\??-???\images\ea0e158f5baf85e898ead1af38e6cc0415ef8f2e563b4b9b368436f6564c09a7.png"
"SHA256","EA4080EDB23D6753F09F7F748D4A03561E93BBEC132BD35FD061D076B9A8DB47","E:\????\??-???\images\ea4080edb23d6753f09f7f748d4a03561e93bbec132bd35fd061d076b9a8db47.png"
"SHA256","EA8CE462E906D58F8ADF6C40C4410F38F7F30771F7CE4C1B25F9BF0B31833C44","E:\????\??-???\images\ea8ce462e906d58f8adf6c40c4410f38f7f30771f7ce4c1b25f9bf0b31833c44.png"
"SHA256","EAA9BBF325C769C8C3B5BCBF845933F93B39979FBAA76EE63F23BCA6DD20F774","E:\????\??-???\images\eaa9bbf325c769c8c3b5bcbf845933f93b39979fbaa76ee63f23bca6dd20f774.png"
"SHA256","EAE0F2D99A3128271AF0E9FA72682074582551613D4A5C32D13BD6751A6B1DF2","E:\????\??-???\images\eae0f2d99a3128271af0e9fa72682074582551613d4a5c32d13bd6751a6b1df2.png"
"SHA256","EB65BD3DB9C6D4C38E054604F6CE03B00DADA899EA93E4888DE3F41B61F05631","E:\????\??-???\images\eb65bd3db9c6d4c38e054604f6ce03b00dada899ea93e4888de3f41b61f05631.png"
"SHA256","EB9C2F12F373674EDA8A6927E25F1CF132EF4A419FDBF3984E7DD5751CC37DE0","E:\????\??-???\images\eb9c2f12f373674eda8a6927e25f1cf132ef4a419fdbf3984e7dd5751cc37de0.png"
"SHA256","EC06F6F31490262D722168AAD16C905C0ABED43A9EEBC8501CC68468A1600B0D","E:\????\??-???\images\ec06f6f31490262d722168aad16c905c0abed43a9eebc8501cc68468a1600b0d.png"
"SHA256","EC1E0E598CB1C40F799AA2B7BE15E8AAD3C4C60C5739039377AF18BCC0D4AE42","E:\????\??-???\images\ec1e0e598cb1c40f799aa2b7be15e8aad3c4c60c5739039377af18bcc0d4ae42.png"
"SHA256","EC61CAD7384F52078506266C30E3D8C63C8931DFC3E408EDE822BFAD91362263","E:\????\??-???\images\ec61cad7384f52078506266c30e3d8c63c8931dfc3e408ede822bfad91362263.png"
"SHA256","EC6DC9B2586EC63BE46270599A29F8D0E3483D439EE07219EBCBBB1393528CEE","E:\????\??-???\images\ec6dc9b2586ec63be46270599a29f8d0e3483d439ee07219ebcbbb1393528cee.png"
"SHA256","ECB1DAC25A28FE7E6818EBCE20E7221FC9605153A1AB6578745D245FEDE3117E","E:\????\??-???\images\ecb1dac25a28fe7e6818ebce20e7221fc9605153a1ab6578745d245fede3117e.png"
"SHA256","ECFFABF3C9184E39B6BBA495DC27532FAAD7AF7D2FAA35BB7384D304706D8DDB","E:\????\??-???\images\ecffabf3c9184e39b6bba495dc27532faad7af7d2faa35bb7384d304706d8ddb.png"
"SHA256","ED68739D298FF057EAF25FE8E66FBCC193DBBE70D85E84CFAFFE5A11E6BE2658","E:\????\??-???\images\ed68739d298ff057eaf25fe8e66fbcc193dbbe70d85e84cfaffe5a11e6be2658.png"
"SHA256","ED89956FC71320721184944692A152AC9C4A0B7A4EBF794BFAFBF02821270353","E:\????\??-???\images\ed89956fc71320721184944692a152ac9c4a0b7a4ebf794bfafbf02821270353.png"
"SHA256","EDAF6679A922DBBC1627AC8A6D1452D4FF6CF599917CC7AF6A9C8C80A44A5FB5","E:\????\??-???\images\edaf6679a922dbbc1627ac8a6d1452d4ff6cf599917cc7af6a9c8c80a44a5fb5.png"
"SHA256","EDD2DEA4A3F677AF90AF445DD70B353EBE3C0DA4115A0B903AE87FE4DCEF9561","E:\????\??-???\images\edd2dea4a3f677af90af445dd70b353ebe3c0da4115a0b903ae87fe4dcef9561.png"
"SHA256","EE231250842ABA1883216B0D26F0072BDB5185B8445569A2ADF333D877445F14","E:\????\??-???\images\ee231250842aba1883216b0d26f0072bdb5185b8445569a2adf333d877445f14.png"
"SHA256","EE3D804FED84FAA4E91FAC81C231AA75366EB564DF17B794CD0C8E3D20CEFF17","E:\????\??-???\images\ee3d804fed84faa4e91fac81c231aa75366eb564df17b794cd0c8e3d20ceff17.png"
"SHA256","EE4CB6ACE35364AA76EA45CD86C911B751852A3F013CF0520E269EEC18769358","E:\????\??-???\images\ee4cb6ace35364aa76ea45cd86c911b751852a3f013cf0520e269eec18769358.png"
"SHA256","EE61F3A1D0A4460FB04AEA7BDB4FC593A1C60DDF0692ECEB59172154B8C7400C","E:\????\??-???\images\ee61f3a1d0a4460fb04aea7bdb4fc593a1c60ddf0692eceb59172154b8c7400c.png"
"SHA256","EF04751CCF9553CA5B21B8E5BC7DBA6E03249193B0AADD34205EEE4B6E86249B","E:\????\??-???\images\ef04751ccf9553ca5b21b8e5bc7dba6e03249193b0aadd34205eee4b6e86249b.png"
"SHA256","EF49B09B6780F80A0506EB42BFCE769F55FBC02E917102EA4CBD86D0DDD9FDBE","E:\????\??-???\images\ef49b09b6780f80a0506eb42bfce769f55fbc02e917102ea4cbd86d0ddd9fdbe.png"
"SHA256","EF99ECB4BC644CCED716EF9F0549384306637463188D7704AE50EEF44BE1B0DD","E:\????\??-???\images\ef99ecb4bc644cced716ef9f0549384306637463188d7704ae50eef44be1b0dd.png"
"SHA256","EFB5EE67CFDEFB75FDDE888DAA1C705A0A738A9F9F8BE7778E7060B047DDE5F3","E:\????\??-???\images\efb5ee67cfdefb75fdde888daa1c705a0a738a9f9f8be7778e7060b047dde5f3.png"
"SHA256","EFD52CFDE21213A43D654FC6F3A6218BE0FA66FF6D6688622EE7885D3997C36D","E:\????\??-???\images\efd52cfde21213a43d654fc6f3a6218be0fa66ff6d6688622ee7885d3997c36d.png"
"SHA256","F050CC9439F1EB798A7B8C56243276E1689425FF2314E1E11E35B58636A955B5","E:\????\??-???\images\f050cc9439f1eb798a7b8c56243276e1689425ff2314e1e11e35b58636a955b5.png"
"SHA256","F05AAD72672D9D569A1DE7317F5F81C41817B39F2FD7C1990482CE5D4DB9490B","E:\????\??-???\images\f05aad72672d9d569a1de7317f5f81c41817b39f2fd7c1990482ce5d4db9490b.png"
"SHA256","F05D64E81CBF38EB4F02EAC0B23BA634657F444A90715323D017F97D01186C26","E:\????\??-???\images\f05d64e81cbf38eb4f02eac0b23ba634657f444a90715323d017f97d01186c26.png"
"SHA256","F05DE4145DE10C6BDB3EE4650ADB3CA9710A8D560906D7749B5378A9BA0C98C8","E:\????\??-???\images\f05de4145de10c6bdb3ee4650adb3ca9710a8d560906d7749b5378a9ba0c98c8.png"
"SHA256","F06EE215325FB28DF3EC7BE4CFD7989BF3758F323411655F1DA45DEB88AD5F55","E:\????\??-???\images\f06ee215325fb28df3ec7be4cfd7989bf3758f323411655f1da45deb88ad5f55.png"
"SHA256","F0767FB1AA15E1984E75205A1AD61A2A27C056655C8763A0BA7179B9813935B2","E:\????\??-???\images\f0767fb1aa15e1984e75205a1ad61a2a27c056655c8763a0ba7179b9813935b2.png"
"SHA256","F09359B38A1443A99F8178D79FBC501B83D28ADD3420AC9CF7AD3C74FDECC6FD","E:\????\??-???\images\f09359b38a1443a99f8178d79fbc501b83d28add3420ac9cf7ad3c74fdecc6fd.png"
"SHA256","F0A0FBDEE69F38894C9C86872578F3AF2F00170A972C1757A4193D388A9ACBB2","E:\????\??-???\images\f0a0fbdee69f38894c9c86872578f3af2f00170a972c1757a4193d388a9acbb2.png"
"SHA256","F1575612682585ECA1DBC65DC45E92179F3051B5F1B7A29C7B0453037EE8CC02","E:\????\??-???\images\f1575612682585eca1dbc65dc45e92179f3051b5f1b7a29c7b0453037ee8cc02.png"
"SHA256","F15C17F02DEEE151B21182A97934B55F8C5C6E513549CB22EB480B7FB0C336F1","E:\????\??-???\images\f15c17f02deee151b21182a97934b55f8c5c6e513549cb22eb480b7fb0c336f1.png"
"SHA256","F1B1356083C41E639A735F27F80C07CD46430DCB9EDB55E8FCD14703A829E7EE","E:\????\??-???\images\f1b1356083c41e639a735f27f80c07cd46430dcb9edb55e8fcd14703a829e7ee.png"
"SHA256","F1F5C8D52AE560D32A8DB22B5F74AC96B4E6470394AFC2193B16BC35BC8D6C91","E:\????\??-???\images\f1f5c8d52ae560d32a8db22b5f74ac96b4e6470394afc2193b16bc35bc8d6c91.png"
"SHA256","F20FBB7E0F194709B3E57BA1E22E9E6E640D4EED8A0810D9DBFECC42960FA446","E:\????\??-???\images\f20fbb7e0f194709b3e57ba1e22e9e6e640d4eed8a0810d9dbfecc42960fa446.png"
"SHA256","F237F99929B73A06E4DBA749D6B5D20AF0D59EA0B0AC075625DBD482701BF521","E:\????\??-???\images\f237f99929b73a06e4dba749d6b5d20af0d59ea0b0ac075625dbd482701bf521.png"
"SHA256","F2894894F9F42F082C71A3325A7CB6BD58B90BB265C2CCB6C2FB3060B7D07D0E","E:\????\??-???\images\f2894894f9f42f082c71a3325a7cb6bd58b90bb265c2ccb6c2fb3060b7d07d0e.png"
"SHA256","F2C1CD5DF8954525FA4DDAF6621F7A2A607306739F12484F921398348B8369CE","E:\????\??-???\images\f2c1cd5df8954525fa4ddaf6621f7a2a607306739f12484f921398348b8369ce.png"
"SHA256","F2D03B4575537F5A165672A021002C69CAC5CE490893AAF475373612F122801F","E:\????\??-???\images\f2d03b4575537f5a165672a021002c69cac5ce490893aaf475373612f122801f.png"
"SHA256","F2D97B0523AB7134FFDAF23F67DA04FCE8B8514DAA6E209FA9D6F38424638952","E:\????\??-???\images\f2d97b0523ab7134ffdaf23f67da04fce8b8514daa6e209fa9d6f38424638952.png"
"SHA256","F30B77118450B3B1AC9C7E38E6BE324D9C3E2362C637681F700F649E76C1326D","E:\????\??-???\images\f30b77118450b3b1ac9c7e38e6be324d9c3e2362c637681f700f649e76c1326d.png"
"SHA256","F317687B6B7F1CE1629347CFBBE50534E2EF25A0031EDFA1758B7C4E5DF2C6FA","E:\????\??-???\images\f317687b6b7f1ce1629347cfbbe50534e2ef25a0031edfa1758b7c4e5df2c6fa.png"
"SHA256","F32F5D43C5119210C35DCA699B03FF6C72F20901B76308B593AAF855ECFD834C","E:\????\??-???\images\f32f5d43c5119210c35dca699b03ff6c72f20901b76308b593aaf855ecfd834c.png"
"SHA256","F3458EADB65F68A634C64210EE878F9977A2193CE74858C879E3C5FFECCDE800","E:\????\??-???\images\f3458eadb65f68a634c64210ee878f9977a2193ce74858c879e3c5ffeccde800.png"
"SHA256","F3969198F41FAFB58F37CCCAE36DE3C371773EF1D4AF931A6D5B8708B29CAA39","E:\????\??-???\images\f3969198f41fafb58f37cccae36de3c371773ef1d4af931a6d5b8708b29caa39.png"
"SHA256","F3A4469F7E9B405CE74808E2BD49DEDF148DA5A3FB15A592B0050FD6F6A4DFE0","E:\????\??-???\images\f3a4469f7e9b405ce74808e2bd49dedf148da5a3fb15a592b0050fd6f6a4dfe0.png"
"SHA256","F3AD4A329C428EA37571F488212F328419CF75D99F4C8A1DA4C961FDE7678B8B","E:\????\??-???\images\f3ad4a329c428ea37571f488212f328419cf75d99f4c8a1da4c961fde7678b8b.png"
"SHA256","F3CE8C81DAA69A2E93C1E435DC231591D1EC46581B167425685E8D85F629D487","E:\????\??-???\images\f3ce8c81daa69a2e93c1e435dc231591d1ec46581b167425685e8d85f629d487.png"
"SHA256","F3CFFA197059FBDCC13828D0DC387C685A41EE553D554C3A3FAC7E8C46EE4605","E:\????\??-???\images\f3cffa197059fbdcc13828d0dc387c685a41ee553d554c3a3fac7e8c46ee4605.png"
"SHA256","F401BE0382BF11F515F787D0EEC2776BECAEDB2D4C8FB084C72D77F0E5301CA2","E:\????\??-???\images\f401be0382bf11f515f787d0eec2776becaedb2d4c8fb084c72d77f0e5301ca2.png"
"SHA256","F4595ABCD9BD57C52F7F046BCACBB08EEE53D500444890F46CCD3E9FFB739F23","E:\????\??-???\images\f4595abcd9bd57c52f7f046bcacbb08eee53d500444890f46ccd3e9ffb739f23.png"
"SHA256","F45AFDAC8F755FC0EDF300B31B8DD7DDDED4DC41E26B85B869D9B6991C19E2D6","E:\????\??-???\images\f45afdac8f755fc0edf300b31b8dd7ddded4dc41e26b85b869d9b6991c19e2d6.png"
"SHA256","F463DC1ECB6DFAC80624EC303E27EE609853D93A1BB6F3037DE4043806DDD683","E:\????\??-???\images\f463dc1ecb6dfac80624ec303e27ee609853d93a1bb6f3037de4043806ddd683.png"
"SHA256","F49103BC9B28FFDB007263A5FDC02F4C37E24123C00B97FDF073FDF3D8666EDB","E:\????\??-???\images\f49103bc9b28ffdb007263a5fdc02f4c37e24123c00b97fdf073fdf3d8666edb.png"
"SHA256","F4AD7E598479ADC08F9CE1A04FDEBFA03434CEE70C21EABF9CEA1A1FFBE97CDD","E:\????\??-???\images\f4ad7e598479adc08f9ce1a04fdebfa03434cee70c21eabf9cea1a1ffbe97cdd.png"
"SHA256","F4AF211C51D106CD65EB83A7F4FE23521C6BF4AEFFB2735C95B78AC6A47D94F9","E:\????\??-???\images\f4af211c51d106cd65eb83a7f4fe23521c6bf4aeffb2735c95b78ac6a47d94f9.png"
"SHA256","F54B1D164FAC36D5C1ECB477404B06B1D0A307F8926A8F5D889B4F1C92A2AED4","E:\????\??-???\images\f54b1d164fac36d5c1ecb477404b06b1d0a307f8926a8f5d889b4f1c92a2aed4.png"
"SHA256","F5C2C00A467CC9CB7CDC295DCAEAF5721FE8D49E46BB9A7D13D770DDACBC32C8","E:\????\??-???\images\f5c2c00a467cc9cb7cdc295dcaeaf5721fe8d49e46bb9a7d13d770ddacbc32c8.png"
"SHA256","F5E38A5C2DC763186E6BE293F3F28F6E574D4A3C8A9EDFCBFE0DFC8A414B798F","E:\????\??-???\images\f5e38a5c2dc763186e6be293f3f28f6e574d4a3c8a9edfcbfe0dfc8a414b798f.png"
"SHA256","F60983D211A4AA3B53651BE234757F82ACAD3E740CCB1F81435D2F6741EF4F9A","E:\????\??-???\images\f60983d211a4aa3b53651be234757f82acad3e740ccb1f81435d2f6741ef4f9a.png"
"SHA256","F61086FC6D034EC6C384513FDB5652F9ECAFA8FE43896565188FC83D9ECB032A","E:\????\??-???\images\f61086fc6d034ec6c384513fdb5652f9ecafa8fe43896565188fc83d9ecb032a.png"
"SHA256","F676F263E5FBCA74D9FDF1A44C7A60F92BB4C045A2E3DB88F5D0D7561EA76BD1","E:\????\??-???\images\f676f263e5fbca74d9fdf1a44c7a60f92bb4c045a2e3db88f5d0d7561ea76bd1.png"
"SHA256","F678358FDF66181FAEB15442B0B9B287236F42946014064D11564729F762D2B9","E:\????\??-???\images\f678358fdf66181faeb15442b0b9b287236f42946014064d11564729f762d2b9.png"
"SHA256","F6905807AB1FB8B32B7912E7CFC44DE9D1B10D2FC1D2BB49C01222D4F79DF9B3","E:\????\??-???\images\f6905807ab1fb8b32b7912e7cfc44de9d1b10d2fc1d2bb49c01222d4f79df9b3.png"
"SHA256","F733B9E410DFA37E67420D2E0900681288D64A53EBF0C8D51C939D374AAFD282","E:\????\??-???\images\f733b9e410dfa37e67420d2e0900681288d64a53ebf0c8d51c939d374aafd282.png"
"SHA256","F767D28300E9E8F703A12A2D5B702452FEBA6B43189117A6C8F4349AFC26A13B","E:\????\??-???\images\f767d28300e9e8f703a12a2d5b702452feba6b43189117a6c8f4349afc26a13b.png"
"SHA256","F793A4440B48F81A6C212BA4AFD5E865FC52C13C50D767483E4C17533115FD59","E:\????\??-???\images\f793a4440b48f81a6c212ba4afd5e865fc52c13c50d767483e4c17533115fd59.png"
"SHA256","F7950D6874A3B4E6BCDDCC620D993FD216B976DF8D88706B4A2B41888D95F9C2","E:\????\??-???\images\f7950d6874a3b4e6bcddcc620d993fd216b976df8d88706b4a2b41888d95f9c2.png"
"SHA256","F7F714A298FFD6CA663DBE723B4BE70B997BBE4F977695710C2F4C5ED4DAC9CF","E:\????\??-???\images\f7f714a298ffd6ca663dbe723b4be70b997bbe4f977695710c2f4c5ed4dac9cf.png"
"SHA256","F85B1DF7292933C7D45A5E637BD9C13EC6405C343FEEB809CE853FA3ED0B5768","E:\????\??-???\images\f85b1df7292933c7d45a5e637bd9c13ec6405c343feeb809ce853fa3ed0b5768.png"
"SHA256","F85F940B45791852063F5ACC00839856079DF01FCE566744078417FA44671E6D","E:\????\??-???\images\f85f940b45791852063f5acc00839856079df01fce566744078417fa44671e6d.png"
"SHA256","F89E60B7CE2BC936CD792477DA4B31C7F5E7D80B57E04420FDD3E4D5835F48BA","E:\????\??-???\images\f89e60b7ce2bc936cd792477da4b31c7f5e7d80b57e04420fdd3e4d5835f48ba.png"
"SHA256","F8F941CE978EF6A64BF3FD76A60DAB42E82BECC1C26EBC805FBED0325FE5CA3E","E:\????\??-???\images\f8f941ce978ef6a64bf3fd76a60dab42e82becc1c26ebc805fbed0325fe5ca3e.png"
"SHA256","F919DE19DFCC74EAA7D36123F92B91AEF2A2D2A69977DE0D87B669A36E2929CA","E:\????\??-???\images\f919de19dfcc74eaa7d36123f92b91aef2a2d2a69977de0d87b669a36e2929ca.png"
"SHA256","F91D9AE41ED9EEF65BFEDEDDD986FDCA350A96C2B651FC0E129FF51D7AD649DD","E:\????\??-???\images\f91d9ae41ed9eef65bfededdd986fdca350a96c2b651fc0e129ff51d7ad649dd.png"
"SHA256","F954B500F61ED25D0D1CA15C9417F60E3405E9DF3891BE8371C5ABAC50432849","E:\????\??-???\images\f954b500f61ed25d0d1ca15c9417f60e3405e9df3891be8371c5abac50432849.png"
"SHA256","F978B423A29F5D50C27F3FDB12D70E57D434F805EBE787CF04FA50E35D0E6B91","E:\????\??-???\images\f978b423a29f5d50c27f3fdb12d70e57d434f805ebe787cf04fa50e35d0e6b91.png"
"SHA256","F989CEA0DFC7E258F2737673C2F855085E4E8F6474214DD6A5F0EA5D281E2988","E:\????\??-???\images\f989cea0dfc7e258f2737673c2f855085e4e8f6474214dd6a5f0ea5d281e2988.png"
"SHA256","F9A90836816AE9ED4B2549CF34E3D9669A1B96F203CBCEF37A63AF0233C870CA","E:\????\??-???\images\f9a90836816ae9ed4b2549cf34e3d9669a1b96f203cbcef37a63af0233c870ca.png"
"SHA256","F9FAE1F3FB79CD26787F79E28FCA454BAEE0201A5126A05BECD924F06037F76C","E:\????\??-???\images\f9fae1f3fb79cd26787f79e28fca454baee0201a5126a05becd924f06037f76c.png"
"SHA256","FA1E327041D3024014DA78B4C7D28B11C09C7FFCF73AE6A773E95DD570BA8969","E:\????\??-???\images\fa1e327041d3024014da78b4c7d28b11c09c7ffcf73ae6a773e95dd570ba8969.png"
"SHA256","FA809252FEB1F2ACB144B04C81C4F08D4DDC2828B889416B30EF35B926B665B6","E:\????\??-???\images\fa809252feb1f2acb144b04c81c4f08d4ddc2828b889416b30ef35b926b665b6.png"
"SHA256","FAE7047C0188B1F042730B4410D6F551D8BE2EFEAC868A7607C5C8E1FB8A0314","E:\????\??-???\images\fae7047c0188b1f042730b4410d6f551d8be2efeac868a7607c5c8e1fb8a0314.png"
"SHA256","FAFAF10A37248E9B665A1210B72921AC6E2FC751D9892F3BDDE9B24631E6B842","E:\????\??-???\images\fafaf10a37248e9b665a1210b72921ac6e2fc751d9892f3bdde9b24631e6b842.png"
"SHA256","FB06A0BA0E4CB186E03954F4ECFC8656155979CAC67EF6A1C78FFE0ADF7ABB3E","E:\????\??-???\images\fb06a0ba0e4cb186e03954f4ecfc8656155979cac67ef6a1c78ffe0adf7abb3e.png"
"SHA256","FB0EF4D9BD8986547BCE770897FB8106C5D22ECBA1C69FC2703710E782068B88","E:\????\??-???\images\fb0ef4d9bd8986547bce770897fb8106c5d22ecba1c69fc2703710e782068b88.png"
"SHA256","FB38C7996AB56D40F4787703BC88F296843D2E1FA3293A105D17B5692CCA4D64","E:\????\??-???\images\fb38c7996ab56d40f4787703bc88f296843d2e1fa3293a105d17b5692cca4d64.png"
"SHA256","FB6E3CD793A3A7D5A4B365EB8F7DEEA2C5626F28352C41AFA4A113B3CFD13B34","E:\????\??-???\images\fb6e3cd793a3a7d5a4b365eb8f7deea2c5626f28352c41afa4a113b3cfd13b34.png"
"SHA256","FBCAC43591566A46DD24D924DA7BC942FB741592DA772FD866614471F15797A7","E:\????\??-???\images\fbcac43591566a46dd24d924da7bc942fb741592da772fd866614471f15797a7.png"
"SHA256","FC363875AE95782C91104193059FD2284D2CC6FFEF27C06A17E366D316C849FC","E:\????\??-???\images\fc363875ae95782c91104193059fd2284d2cc6ffef27c06a17e366d316c849fc.png"
"SHA256","FC45484CDAEC2DAB7B3C1E0F0E51ED052FCE784D7B23724FACA4DD7043585B1B","E:\????\??-???\images\fc45484cdaec2dab7b3c1e0f0e51ed052fce784d7b23724faca4dd7043585b1b.png"
"SHA256","FC63CCF5D7D6C083E887E62CABA2BC805C742080FA297A36F8F00CDBEF557F61","E:\????\??-???\images\fc63ccf5d7d6c083e887e62caba2bc805c742080fa297a36f8f00cdbef557f61.png"
"SHA256","FC70C86D519F0E89239CDBF5E680A30507109E13C7651E1BCFD638A51DC3B222","E:\????\??-???\images\fc70c86d519f0e89239cdbf5e680a30507109e13c7651e1bcfd638a51dc3b222.png"
"SHA256","FCA45DEC36B93C20773E961030C4D3C2EFFAC6102E2986C66DEBE301A10F90C0","E:\????\??-???\images\fca45dec36b93c20773e961030c4d3c2effac6102e2986c66debe301a10f90c0.png"
"SHA256","FCC326CF776F08E87FAAF77EDAD536BB4F3ACF469B3F2B41CC54CBD7CA9262D9","E:\????\??-???\images\fcc326cf776f08e87faaf77edad536bb4f3acf469b3f2b41cc54cbd7ca9262d9.png"
"SHA256","FCCB6A416654571A8F72A0BF31302165503878D62A66F9134576AD21032C78D0","E:\????\??-???\images\fccb6a416654571a8f72a0bf31302165503878d62a66f9134576ad21032c78d0.png"
"SHA256","FCDDCE5923183ED6101A57C952638C6F43A535CDC6EA18BEDE0531568ECE9670","E:\????\??-???\images\fcddce5923183ed6101a57c952638c6f43a535cdc6ea18bede0531568ece9670.png"
"SHA256","FCE5E234C4731F311DA0FE08D6E702C7EC02426E50E53B792D22393BD6D3BBD5","E:\????\??-???\images\fce5e234c4731f311da0fe08d6e702c7ec02426e50e53b792d22393bd6d3bbd5.png"
"SHA256","FD270D9BF3B8707EE6D697C7B28FB9C8F1FDDCDDDD5208EFC459D6C99201F772","E:\????\??-???\images\fd270d9bf3b8707ee6d697c7b28fb9c8f1fddcdddd5208efc459d6c99201f772.png"
"SHA256","FD86193E252A4F143F4620CF69697C610D92E9922F1EB66C183444D2DEC42C5E","E:\????\??-???\images\fd86193e252a4f143f4620cf69697c610d92e9922f1eb66c183444d2dec42c5e.png"
"SHA256","FDF87058A173FD05BD1051A663F789583B52F6BB8FA56B488A475984DA1AC757","E:\????\??-???\images\fdf87058a173fd05bd1051a663f789583b52f6bb8fa56b488a475984da1ac757.png"
"SHA256","FE0B77EBEC61B6CCA6AE8417B90C6BDDDC011D5E88E494B721EEB13B9FF53C41","E:\????\??-???\images\fe0b77ebec61b6cca6ae8417b90c6bdddc011d5e88e494b721eeb13b9ff53c41.png"
"SHA256","FE198AFA10A90163890E20F5FA253EE59B3EB064E8893125DE84144E22D00547","E:\????\??-???\images\fe198afa10a90163890e20f5fa253ee59b3eb064e8893125de84144e22d00547.png"
"SHA256","FE9EA4D8C194AC885EB03074054E9FD84F6F5D5B0BCC1B0445C204775253D1B3","E:\????\??-???\images\fe9ea4d8c194ac885eb03074054e9fd84f6f5d5b0bcc1b0445c204775253d1b3.png"
"SHA256","FED5BD0556DFAA7F2AD18506ABEB649B49D5E1478C6A3864A7200D9E47CB016E","E:\????\??-???\images\fed5bd0556dfaa7f2ad18506abeb649b49d5e1478c6a3864a7200d9e47cb016e.png"
"SHA256","FF1E951D99021A89AAE03BC2347A0D604152D706DC681456DFA685676544331F","E:\????\??-???\images\ff1e951d99021a89aae03bc2347a0d604152d706dc681456dfa685676544331f.png"
"SHA256","FF6C7AD071C81E676B9F13EADCBE150C0F4DE1A3D7FC45EE19258F2E2C53E43F","E:\????\??-???\images\ff6c7ad071c81e676b9f13eadcbe150c0f4de1a3d7fc45ee19258f2e2c53e43f.png"
"SHA256","FFAFCE096F9A50ED2DC8B94BA45D3C278C53FEC14206D6D7BB404CA0896B7825","E:\????\??-???\images\ffafce096f9a50ed2dc8b94ba45d3c278c53fec14206d6d7bb404ca0896b7825.png"
"SHA256","FFC78213D889E5EE860F1593BEEA5EAACD45FC534B8E36AE176FF150E00AF876","E:\????\??-???\images\ffc78213d889e5ee860f1593beea5eaacd45fc534b8e36ae176ff150e00af876.png"
